tick,time,measurement_time,pos_x,pos_y,pos_z,vel_x,vel_y,vel_z,accel_x,accel_y,accel_z,speed_kph,forward_speed_kph,lateral_speed_mps,yaw_rate_rad_s,lateral_accel_mps2,slip_angle_deg,slip_angle_valid,airborne,grounded_wheels,engine_rpm,engine_torque,drivetrain_torque,gear,shifting,nitrous_active,nitrous_seconds,raw_steering,raw_throttle,raw_brake,raw_handbrake,raw_nitrous,final_steering,final_throttle,final_brake,final_handbrake,final_nitrous,handling,assist_yaw_torque,average_longitudinal_slip
52,1.0399996,0.0399996042,4.784309E-09,0.676981032,17.8185463,5.699517E-09,0.0588636734,12.0281706,-5.537264E-08,-0.23693946,-9.492397,43.9854622,43.9687843,1.09943263E-08,-6.46328058E-09,-5.95647549E-08,5.23895132E-08,1,0,4,900,25.5528011,238.4015,1,0,0,0,0,1,0,0,0,0,0.13,0.78,0,0,Grip,4.952769E-06,0.388284981
53,1.05999959,0.0599995852,4.908411E-09,0.678072453,18.0551338,4.4471884E-09,0.0543307364,11.8274679,-6.261642E-08,-0.226646855,-10.0351334,43.30193,43.28583,1.11628395E-08,-6.49194343E-09,-6.833186E-08,5.4094933E-08,1,0,4,1035.37622,50.68067,472.8385,1,0,0,0,0,1,0,0,0,0,0.26,0.559999943,0,0,Grip,4.88624E-06,0.282412231
54,1.07999957,0.0799995661,5.00104E-09,0.6790759,18.288044,3.35917227E-09,0.0499362051,11.6435881,-5.44008074E-08,-0.219726563,-9.193993,42.5793343,42.56372,1.14479173E-08,-6.41633235E-09,-6.08051E-08,5.635229E-08,1,0,4,1417.19434,79.47762,741.507141,1,0,0,0,0,1,0,0,0,0,0.39,0.339999944,0,0,Grip,4.907909E-06,0.0511295646
55,1.09999955,0.09999955,5.05039033E-09,0.6799737,18.5202656,2.0478077E-09,0.0457512178,11.61803,-6.556823E-08,-0.209249377,-1.27792358,41.9173,41.90215,1.15193828E-08,-6.030784E-09,-6.661231E-08,5.68277656E-08,1,0,4,1799.01245,117.736855,1098.45654,1,0,0,0,0,1,0,0,0,0,0.52,0.119999945,0,0,Grip,4.85074725E-06,0.0288403668
56,1.11999953,0.119999528,5.07564968E-09,0.6807865,18.7532043,4.37393843E-10,0.0428464748,11.6646242,-8.052069E-08,-0.145237148,2.329731,41.82523,41.81095,1.10678355E-08,-4.842652E-09,-7.83933842E-08,5.438033E-08,1,0,4,2180.83057,167.903229,1566.49683,1,0,0,0,0,1,0,0,0,0,0.65,0,0,0,Grip,4.55927238E-06,0.03793411
57,1.13999951,0.139999509,5.07763254E-09,0.681570053,18.9874611,-1.18344134E-09,0.04258633,11.7398624,-8.104176E-08,-0.0130072236,3.76191139,41.99293,41.97998,1.06377076E-08,-4.85112572E-09,-7.724637E-08,5.19299626E-08,1,0,4,2562.64868,230.445251,2149.99878,1,0,0,0,0,1,0,0,0,0,0.78,0,0,0,Grip,3.66104473E-06,0.0471604019
58,1.15999949,0.15999949,5.052096E-09,0.682397842,19.2234745,-2.76275447E-09,0.0458470546,11.8354454,-7.89656553E-08,0.163036212,4.779148,42.2637825,42.2524071,1.02800062E-08,-4.841908E-09,-7.368756E-08,4.977646E-08,1,0,4,2944.4668,303.0814,2827.67651,1,0,0,0,0,1,0,0,0,0,0.909999967,0,0,0,Grip,3.667451E-06,0.07591475
59,1.17999947,0.179999471,5.01046E-09,0.683352232,19.4613819,-4.329316E-09,0.05292667,11.9351969,-7.832808E-08,0.3539808,4.98757362,42.60792,42.598156,9.949879E-09,-4.85760676E-09,-7.234473E-08,4.77734474E-08,1,0,4,3326.285,364.814636,3403.633,1,0,0,0,0,1,0,0,0,0,1,0,0,0,Grip,3.66048243E-06,0.1627983
60,1.19999945,0.199999452,4.95007146E-09,0.6845113,19.7009869,-5.74865E-09,0.06355628,12.0224743,-7.09667E-08,0.53148067,4.36387062,42.96713,42.9588547,9.760498E-09,-4.85106266E-09,-6.531697E-08,4.652233E-08,1,0,4,3708.103,383.4136,3577.157,1,0,0,0,0,1,0,0,0,0,1,0,0,0,Grip,3.67235066E-06,0.02357035
61,1.21999943,0.219999433,4.873648E-09,0.6859306,19.94275,-7.10743E-09,0.0769199058,12.1321726,-6.793901E-08,0.6681811,5.484915,43.28151,43.274498,9.669228E-09,-4.84381335E-09,-6.031761E-08,4.56691E-08,1,0,4,3729.479,383.971741,3582.36426,1,0,0,0,0,1,0,0,0,0,1,0,0,0,Grip,3.66740323E-06,0.0986755043
62,1.23999941,0.239999413,4.786953E-09,0.6876515,20.1869125,-8.379891E-09,0.09222037,12.2528152,-6.362302E-08,0.7650234,6.032133,43.6767,43.6707726,9.689156E-09,-4.83631668E-09,-5.466952E-08,4.53112357E-08,1,0,4,4111.29736,386.18573,3603.02,1,0,0,0,0,1,0,0,0,0,1,0,0,0,Grip,3.66192285E-06,0.07498707
63,1.25999939,0.2599994,4.64900252E-09,0.689699769,20.433588,-9.52185E-09,0.108664826,12.37826,-5.709797E-08,0.82222265,6.27222061,44.11138,44.1064034,9.86814E-09,-4.77129625E-09,-4.719491E-08,4.56792222E-08,1,0,4,4165.06543,385.3349,3595.082,1,0,0,0,0,1,0,0,0,0,1,0,0,0,Grip,3.65625533E-06,0.0943859443
64,1.27999938,0.279999375,4.48572157E-09,0.6920849,20.6828423,-1.09397735E-08,0.125438571,12.505826,-7.089618E-08,0.8386873,6.378317,44.56345,44.5592842,9.787465E-09,-4.735866E-09,-6.022484E-08,4.48423627E-08,1,0,4,4348.777,373.755951,3487.05322,1,0,0,0,0,1,0,0,0,0,1,0,0,0,Grip,3.60709987E-06,0.0463574044
65,1.29999936,0.299999356,4.307343E-09,0.6948004,20.934721,-1.23012436E-08,0.141744584,12.6348257,-6.80735042E-08,0.815300643,6.4499855,45.02324,45.01978,9.77526948E-09,-4.69858E-09,-5.66775036E-08,4.432803E-08,1,0,4,4037.75732,386.883331,3609.52856,1,0,0,0,0,1,0,0,0,0,1,0,0,0,Grip,3.58031457E-06,0.05247453
66,1.31999934,0.319999337,4.119157E-09,0.69782424,21.1892586,-1.35235139E-08,0.156861618,12.765089,-6.111352E-08,0.755851746,6.51316643,45.4882355,45.4853935,9.912921E-09,-4.65331729E-09,-4.899801E-08,4.44924062E-08,1,0,4,4124.59375,386.002136,3601.30713,1,0,0,0,0,1,0,0,0,0,1,0,0,0,Grip,3.5521266E-06,0.0519066229
67,1.33999932,0.339999318,3.85490573E-09,0.7011222,21.4464436,-1.45919614E-08,0.170188859,12.89447,-5.342238E-08,0.666362047,6.469059,45.95779,45.9554977,1.0242891E-08,-4.62250638E-09,-4.07894731E-08,4.55111078E-08,1,0,4,4162.093,385.389465,3595.591,1,0,0,0,0,1,0,0,0,0,1,0,0,0,Grip,3.51790777E-06,0.05168499
68,1.3599993,0.3599993,3.59286267E-09,0.7046499,21.7062683,-1.615073E-08,0.181239873,13.0229969,-7.793846E-08,0.552550733,6.42633438,46.4241371,46.4223251,1.0079507E-08,-4.54977345E-09,-6.479868E-08,4.434232E-08,1,0,4,4202.37842,384.459717,3586.91675,1,0,0,0,0,1,0,0,0,0,1,0,0,0,Grip,3.4946147E-06,0.05169758
69,1.37999928,0.37999928,3.30680128E-09,0.708356,21.9687023,-1.73479737E-08,0.189668357,13.1500473,-5.986216E-08,0.4214242,6.35252,46.8873253,46.8859444,1.09181961E-08,-6.88051749E-09,-4.599215E-08,4.75671342E-08,1,0,4,4243.976,381.486725,3559.17944,1,0,0,0,0,1,0,0,0,0,1,0,0,0,Grip,3.4396287E-06,0.0516496524
70,1.39999926,0.399999261,2.98865377E-09,0.7121842,22.23372,-1.87738411E-08,0.195262924,13.2756147,-7.129337E-08,0.279728323,6.278372,47.3450928,47.3440857,1.15509255E-08,-6.81387835E-09,-5.67217775E-08,4.98471948E-08,1,0,4,4284.71973,378.5205,3531.50537,1,0,0,0,0,1,0,0,0,0,1,0,0,0,Grip,5.20167123E-06,0.051770702
71,1.41999924,0.419999242,2.66026556E-09,0.7160759,22.5012875,-2.02695958E-08,0.197946116,13.39973,-7.47877351E-08,0.134159625,6.20574951,47.7973824,47.7966957,1.2123369E-08,-6.715557E-09,-5.95385679E-08,5.1832604E-08,1,0,4,4326.22949,375.446533,3502.826,1,0,0,0,0,1,0,0,0,0,1,0,0,0,Grip,5.151292E-06,0.05199513
72,1.43999922,0.439999223,2.33813013E-09,0.7199737,22.7713737,-2.16211049E-08,0.197764486,13.5224209,-6.75754563E-08,-0.009081513,6.13455772,48.24429,48.2438736,1.28426656E-08,-6.592186E-09,-5.167175E-08,5.44096039E-08,1,0,4,4368.06348,372.2987,3473.45752,1,0,0,0,0,1,0,0,0,0,1,0,0,0,Grip,5.076961E-06,0.0522802733
73,1.4599992,0.4599992,1.98730943E-09,0.723822951,23.0439453,-2.27215491E-08,0.194869339,13.64372,-5.502221E-08,-0.14475733,6.0649395,48.6859169,48.68571,1.3839708E-08,-6.53221166E-09,-3.84858225E-08,5.811255E-08,1,0,4,4409.958,369.099426,3443.60913,1,0,0,0,0,1,0,0,0,0,1,0,0,0,Grip,4.983692E-06,0.05259047
74,1.47999918,0.479999185,1.629856E-09,0.7275731,23.31897,-2.39317863E-08,0.1894961,13.7636585,-6.05118657E-08,-0.268661976,5.99694252,49.1224,49.1223259,1.47400812E-08,-6.42850573E-09,-4.3363837E-08,6.13542142E-08,1,0,4,4451.65771,365.871582,3413.494,1,0,0,0,0,1,0,0,0,0,1,0,0,0,Grip,4.938352E-06,0.05289259
75,1.49999917,0.499999166,1.24974409E-09,0.731180131,23.5964184,-2.503297E-08,0.181943968,13.8822317,-5.50591572E-08,-0.3776066,5.92865944,49.5538673,49.55386,1.57733542E-08,-6.359417E-09,-3.73254245E-08,6.50949161E-08,1,0,4,4492.93555,362.63678,3383.314,1,0,0,0,0,1,0,0,0,0,1,0,0,0,Grip,4.85995E-06,0.05326326
76,1.51999915,0.519999146,8.39924463E-10,0.7346064,23.8762455,-2.618341E-08,0.1725517,13.9991255,-5.75219872E-08,-0.469613075,5.84468842,49.9803238,49.9803123,1.67826268E-08,-6.30374331E-09,-3.92766175E-08,6.868256E-08,1,0,4,4534.44434,359.3472,3352.623,1,0,0,0,0,1,0,0,0,0,1,0,0,0,Grip,4.807719E-06,0.05456473
77,1.53999913,0.5399991,4.32588854E-10,0.737821341,24.1584282,-2.74289267E-08,0.161673322,14.1148243,-6.227587E-08,-0.5439192,5.78494072,50.4006767,50.4005737,1.77059736E-08,-6.17829432E-09,-4.34689866E-08,7.186835E-08,1,0,4,4583.3374,355.429169,3316.06885,1,0,0,0,0,1,0,0,0,0,1,0,0,0,Grip,4.76563E-06,0.05487466
78,1.55999911,0.5599991,2.30528929E-11,0.7408016,24.44293,-2.8477718E-08,0.1496743,14.2292194,-5.24395638E-08,-0.5999513,5.719757,50.8167,50.816433,1.8840641E-08,-6.072193E-09,-3.31117462E-08,7.58602638E-08,1,0,4,4623.663,352.165741,3285.62183,1,0,0,0,0,1,0,0,0,0,1,0,0,0,Grip,4.67079053E-06,0.05517672
79,1.57999909,0.5799991,-3.934666E-10,0.7435312,24.72973,-2.941387E-08,0.136909664,14.3425732,-4.68076244E-08,-0.638231635,5.66768646,51.22802,51.2275276,1.87386089E-08,-1.20859533E-09,-2.74761636E-08,7.48543E-08,1,0,4,4663.665,348.902771,3255.179,1,0,0,0,0,1,0,0,0,0,1,0,0,0,Grip,4.59057765E-06,0.0548037663
80,1.59999907,0.59999907,-8.798813E-10,0.7460008,25.0187988,-2.988265E-08,0.123717882,14.4548941,-2.343894E-08,-0.6595891,5.616045,51.6356125,51.63482,1.913757E-08,-1.31452715E-09,-4.108549E-09,7.5855155E-08,1,0,4,4697.64258,346.113,3229.15112,1,0,0,0,0,1,0,0,0,0,1,0,0,0,Grip,9.13698045E-07,0.05422117
81,1.619999,0.619999051,-1.40474676E-09,0.74820745,25.3101158,-3.077132E-08,0.110408425,14.5662851,-4.44336123E-08,-0.6654728,5.56955338,52.0395241,52.03839,1.49605413E-08,1.29902222E-08,-2.668433E-08,5.884618E-08,1,0,4,4729.528,343.4812,3204.59717,1,0,0,0,0,1,0,0,0,0,1,0,0,0,Grip,9.937825E-07,0.0533312932
82,1.639999,0.639999032,-1.92238114E-09,0.750153542,25.603651,-3.05141157E-08,0.09725608,14.6765146,1.28602906E-08,-0.657617331,5.51147461,52.4401321,52.43861,1.2596864E-08,1.05350839E-08,2.92887457E-08,4.91773982E-08,1,0,4,4758.43457,341.084747,3182.23877,1,0,0,0,0,1,0,0,0,0,1,0,0,0,Grip,-9.820607E-06,0.0529821739
83,1.659999,0.659999,-2.46466469E-09,0.751846552,25.8993855,-2.99541618E-08,0.0844907761,14.7856464,2.79976931E-08,-0.6382652,5.45659065,52.8366127,52.83468,9.108842E-09,1.51716915E-08,4.262453E-08,3.529837E-08,1,0,4,4791.68848,338.316833,3156.41479,1,0,0,0,0,1,0,0,0,0,1,0,0,0,Grip,-7.964523E-06,0.05265639
84,1.679999,0.679999,-3.03750181E-09,0.7532973,26.1972885,-2.89326039E-08,0.07229965,14.8937149,5.10778975E-08,-0.6095562,5.40342331,53.2291946,53.22684,6.0538845E-09,1.496642E-08,6.394999E-08,2.328993E-08,1,0,4,4824.78369,335.551666,3130.61646,1,0,0,0,0,1,0,0,0,0,1,0,0,0,Grip,-1.14697987E-05,0.052269157
85,1.699999,0.699999,-3.59162255E-09,0.754519939,26.4973412,-2.78662888E-08,0.06082868,15.0007391,5.33157518E-08,-0.5735487,5.35120964,53.6180038,53.6152267,3.71681352E-09,1.24807524E-08,6.473157E-08,1.41971093E-08,1,0,4,4856.9917,332.851868,3105.428,1,0,0,0,0,1,0,0,0,0,1,0,0,0,Grip,-1.13146125E-05,0.0518416464
86,1.719999,0.719998956,-4.13422541E-09,0.7555307,26.79952,-2.65864291E-08,0.0501843,15.1067362,6.399299E-08,-0.532219,5.29985428,54.0031,53.9999123,1.558929E-09,1.2372193E-08,7.39883461E-08,5.9129146E-09,1,0,4,4888.495,330.203918,3080.72339,1,0,0,0,0,1,0,0,0,0,1,0,0,0,Grip,-9.435448E-06,0.05138334
87,1.73999894,0.739998937,-4.6644133E-09,0.756347239,27.1038017,-2.51109178E-08,0.04043643,15.2117224,7.377557E-08,-0.487393349,5.24930954,54.38455,54.38097,-4.3749715E-10,1.2256451E-08,8.238541E-08,-1.64795866E-09,1,0,4,4919.37061,327.602966,3056.457,1,0,0,0,0,1,0,0,0,0,1,0,0,0,Grip,-9.353377E-06,0.0509043038
88,1.75999892,0.7599989,-5.15428233E-09,0.7569881,27.4101677,-2.349556E-08,0.0316231363,15.315712,8.07679257E-08,-0.4406648,5.19948,54.76239,54.7584572,-1.60093983E-09,9.807503E-09,8.82740139E-08,-5.989496E-09,1,0,4,4949.70264,325.043274,3032.57568,1,0,0,0,0,1,0,0,0,0,1,0,0,0,Grip,-9.26587654E-06,0.05041321
89,1.7799989,0.7799989,-5.61726043E-09,0.7574719,27.7185955,-2.17505711E-08,0.0237541068,15.4187193,8.724941E-08,-0.393451482,5.150366,55.1366768,55.13242,-2.66354228E-09,9.726862E-09,9.367878E-08,-9.898426E-09,1,0,4,4979.565,322.519684,3009.03125,1,0,0,0,0,1,0,0,0,0,1,0,0,0,Grip,-7.41447229E-06,0.0499175042
90,1.79999888,0.7999989,-6.04659256E-09,0.7578172,28.029068,-1.9920682E-08,0.0168158468,15.5207558,9.149446E-08,-0.346913,5.101824,55.5074539,55.5029068,-3.6694896E-09,9.656789E-09,9.68734355E-08,-1.35472025E-08,1,0,4,5009.025,320.027679,2985.78149,1,0,0,0,0,1,0,0,0,0,1,0,0,0,Grip,-7.3535075E-06,0.0494234227
91,1.81999886,0.81999886,-6.445571E-09,0.7580418,28.34156,-1.79777775E-08,0.01077559,15.6218319,9.71452252E-08,-0.302012831,5.0538063,55.874752,55.8699646,-4.58921967E-09,9.574999E-09,1.01499616E-07,-1.68331411E-08,1,0,4,5038.137,317.5635,2962.79126,1,0,0,0,0,1,0,0,0,0,1,0,0,0,Grip,-7.300532E-06,0.04893574
92,1.83999884,0.839998841,-6.770965E-09,0.758162737,28.6560574,-1.59823248E-08,0.005585775,15.7219582,9.97726346E-08,-0.2594908,5.00631332,56.2386055,56.23362,-5.4829723E-09,9.580534E-09,1.03127718E-07,-1.99833714E-08,1,0,4,5066.94873,315.124023,2940.03149,1,0,0,0,0,1,0,0,0,0,1,0,0,0,Grip,-7.238699E-06,0.04845823
93,1.85999882,0.8599988,-7.050345E-09,0.7581956,28.9725361,-1.359611E-08,0.00118789228,15.8211441,1.19310741E-07,-0.219894141,4.959297,56.5990524,56.5939064,-6.00958749E-09,9.512721E-09,1.21691286E-07,-2.1765409E-08,1,0,4,5095.496,312.707062,2917.48169,1,0,0,0,0,1,0,0,0,0,1,0,0,0,Grip,-7.24288338E-06,0.0479937047
94,1.8799988,0.8799988,-7.27697325E-09,0.7581548,29.2909813,-1.11380931E-08,-0.00248367037,15.9194,1.22900843E-07,-0.183578148,4.91280556,56.9561157,56.95085,-6.48678755E-09,9.455827E-09,1.24331152E-07,-2.334874E-08,1,0,4,5123.807,310.3109,2895.12622,1,0,0,0,0,1,0,0,0,0,1,0,0,0,Grip,-7.191617E-06,0.0475437939
95,1.89999878,0.8999988,-7.464627E-09,0.758053839,29.611372,-8.57337845E-09,-0.00549871242,16.0167351,1.2823574E-07,-0.150752112,4.866743,57.30984,57.30449,-6.87851642E-09,9.36735844E-09,1.28739629E-07,-2.4608287E-08,1,0,4,5151.90234,307.93454,2872.95532,1,0,0,0,0,1,0,0,0,0,1,0,0,0,Grip,-7.148605E-06,0.04710953
96,1.91999876,0.919998765,-7.601106E-09,0.7579041,29.933691,-6.043158E-09,-0.007929192,16.1131554,1.26511026E-07,-0.121523976,4.8210144,57.660244,57.6548462,-7.3246893E-09,9.30498E-09,1.26111871E-07,-2.60476849E-08,1,0,4,5179.79639,305.577454,2850.96436,1,0,0,0,0,1,0,0,0,0,1,0,0,0,Grip,-7.08172274E-06,0.0466915
97,1.93999875,0.939998746,-7.70575248E-09,0.7577159,30.2579174,-3.44442963E-09,-0.009846115,16.2086735,1.29936424E-07,-0.09584613,4.77590561,58.0073662,58.00194,-7.721557E-09,9.202685E-09,1.28657163E-07,-2.729717E-08,1,0,4,5207.49854,303.2394,2829.151,1,0,0,0,0,1,0,0,0,0,1,0,0,0,Grip,-7.03456453E-06,0.0462894551
98,1.95999873,0.9599987,-7.76404E-09,0.7574981,30.5840359,-9.53905E-10,-0.0113181183,16.303299,1.24526238E-07,-0.07360019,4.73127365,58.35124,58.3458138,-8.244303E-09,9.133493E-09,1.22389309E-07,-2.897599E-08,1,0,4,5235.01172,300.920746,2807.51831,1,0,0,0,0,1,0,0,0,0,1,0,0,0,Grip,-6.95722974E-06,0.0459030159
99,1.97999871,0.9799987,-7.773613E-09,0.7572583,30.9120274,1.56595958E-09,-0.0124101453,16.39704,1.25993225E-07,-0.05460135,4.687023,58.6918869,58.6864929,-8.754116E-09,9.068176E-09,1.23020669E-07,-3.059188E-08,1,0,4,5262.33838,298.621857,2786.07031,1,0,0,0,0,1,0,0,0,0,1,0,0,0,Grip,-6.90492061E-06,0.04553143
100,1.99999869,0.9999987,-7.733451E-09,0.757002831,31.2418766,4.124182E-09,-0.013182506,16.4899025,1.27911122E-07,-0.0386180356,4.643154,59.0293541,59.024,-9.240809E-09,9.003807E-09,1.24124568E-07,-3.211076E-08,1,0,4,5289.477,296.343384,2764.8125,1,0,0,0,0,1,0,0,0,0,1,0,0,0,Grip,-6.855541E-06,0.0451738834
101,2.01999879,1.01999879,-7.653149E-09,0.7567371,31.5735664,6.717466E-09,-0.0136901494,16.5819016,1.29664215E-07,-0.0253821723,4.5999527,59.3636665,59.3583679,-8.91716E-09,6.534453E-09,1.25303728E-07,-3.081415E-08,1,0,4,5316.424,294.086151,2743.75317,1,0,0,0,0,1,0,0,0,0,1,0,0,0,Grip,-6.80687754E-06,0.04482924
102,2.03999877,1.03999877,-7.526851E-09,0.7564653,31.9070778,9.076122E-09,-0.0139826611,16.6730442,1.179328E-07,-0.0146255828,4.55713272,59.6948662,59.6896324,-8.837884E-09,6.487733E-09,1.1301357E-07,-3.03732079E-08,1,0,4,5343.174,291.850983,2722.89966,1,0,0,0,0,1,0,0,0,0,1,0,0,0,Grip,-4.94004644E-06,0.04449645
103,2.05999875,1.05999875,-7.35496952E-09,0.756191,32.2423935,1.138885E-08,-0.014103476,16.76334,1.15636389E-07,-0.00604074448,4.51478958,60.02298,60.01783,-8.813459E-09,6.44229E-09,1.10173168E-07,-3.01260563E-08,1,0,4,5369.723,289.638641,2702.259,1,0,0,0,0,1,0,0,0,0,1,0,0,0,Grip,-4.904726E-06,0.0441744626
104,2.07999873,1.07999873,-7.147583E-09,0.755916834,32.5795,1.36649518E-08,-0.0140908454,16.8527985,1.138051E-07,0.000631529838,4.47292328,60.34804,60.342968,-8.83419E-09,6.38049968E-09,1.0781234E-07,-3.003657E-08,1,0,4,5396.06543,287.450043,2681.83984,1,0,0,0,0,1,0,0,0,0,1,0,0,0,Grip,-4.870371E-06,0.04386223
105,2.09999871,1.09999871,-6.87008228E-09,0.7556448,32.9183731,1.58348445E-08,-0.0139774475,16.941433,1.08494639E-07,0.005669892,4.43172455,60.6700935,60.6651077,-7.35371053E-09,1.61184477E-09,1.02408364E-07,-2.4872028E-08,1,0,4,5422.196,285.28595,2661.64941,1,0,0,0,0,1,0,0,0,0,1,0,0,0,Grip,-4.82365749E-06,0.0435588174
106,2.11999869,1.11999869,-6.54867538E-09,0.755376339,33.2590027,1.78384116E-08,-0.0137908105,17.02925,1.00178355E-07,0.009331852,4.390812,60.9891777,60.9842834,-6.04052275E-09,1.60736491E-09,9.4001976E-08,-2.03251158E-08,1,0,4,5448.11035,283.146942,2641.69287,1,0,0,0,0,1,0,0,0,0,1,0,0,0,Grip,-1.21855464E-06,0.0432633236
107,2.13999867,1.13999867,-6.174801E-09,0.7551123,33.60137,1.968923E-08,-0.013553679,17.11626,9.254091E-08,0.0118565746,4.350567,61.3053169,61.30051,-4.88043028E-09,1.62290692E-09,8.6277204E-08,-1.63381344E-08,1,0,4,5473.805,281.033722,2621.977,1,0,0,0,0,1,0,0,0,0,1,0,0,0,Grip,-1.2151678E-06,0.0429747254
108,2.15999866,1.15999866,-5.760648E-09,0.7548538,33.94547,2.14997158E-08,-0.0132842846,17.2024765,9.05243E-08,0.0134697184,4.31079865,61.618557,61.6138458,-3.761297E-09,1.61867675E-09,8.41762144E-08,-1.25284991E-08,1,0,4,5499.275,278.946869,2602.50732,1,0,0,0,0,1,0,0,0,0,1,0,0,0,Grip,-1.22691756E-06,0.04269228
109,2.17999864,1.17999864,-5.31759659E-09,0.754600763,34.2912674,2.3196149E-08,-0.0129980138,17.2879086,8.48216644E-08,0.0143135432,4.27160263,61.928936,61.924305,-2.75701773E-09,1.59908342E-09,7.839192E-08,-9.13795E-09,1,0,4,5524.5166,276.8869,2583.28833,1,0,0,0,0,1,0,0,0,0,1,0,0,0,Grip,-1.22371955E-06,0.04241556
110,2.19999862,1.19999862,-4.856575E-09,0.7543534,34.63876,2.47248817E-08,-0.0127061121,17.3725643,7.64366348E-08,0.014595082,4.232788,62.23649,62.2319565,-1.92132532E-09,1.56710422E-09,6.992818E-08,-6.33706065E-09,1,0,4,5549.53027,274.854034,2564.322,1,0,0,0,0,1,0,0,0,0,1,0,0,0,Grip,-1.20890707E-06,0.042143818
111,2.2199986,1.2199986,-4.37921344E-09,0.754111648,34.98793,2.60452087E-08,-0.0124173248,17.4564571,6.601635E-08,0.0144393649,4.194641,62.5412445,62.5368,-1.29463373E-09,1.53976121E-09,5.94316E-08,-4.24953139E-09,1,0,4,5574.314,272.848541,2545.61133,1,0,0,0,0,1,0,0,0,0,1,0,0,0,Grip,-1.18473076E-06,0.0418766625
112,2.23999858,1.23999858,-3.87831456E-09,0.7538755,35.3387642,2.71943463E-08,-0.0121378908,17.5395947,5.74568837E-08,0.0139717013,4.15687561,62.8432579,62.8389053,-8.39222E-10,1.53010493E-09,5.07986258E-08,-2.74161738E-09,1,0,4,5598.866,270.8707,2527.15845,1,0,0,0,0,1,0,0,0,0,1,0,0,0,Grip,-1.16405943E-06,0.04161363
113,2.25999856,1.25999856,-3.35715789E-09,0.753644466,35.691246,2.8267964E-08,-0.0118724434,17.62199,5.3680882E-08,0.0132723711,4.11977768,63.14255,63.1382751,-4.59383642E-10,1.51767354E-09,4.695136E-08,-1.4937207E-09,1,0,4,5623.18848,268.920441,2508.96313,1,0,0,0,0,1,0,0,0,0,1,0,0,0,Grip,-1.15675925E-06,0.0413544849
114,2.27999854,1.27999854,-2.829207E-09,0.7534181,36.0453568,2.92620967E-08,-0.0116236638,17.7036533,4.970664E-08,0.0124389771,4.08315659,63.43918,63.4349823,-1.59374736E-10,1.48642909E-09,4.290833E-08,-5.15827769E-10,1,0,4,5647.28125,266.9979,2491.02612,1,0,0,0,0,1,0,0,0,0,1,0,0,0,Grip,-1.14736122E-06,0.0410989
115,2.29999852,1.29999852,-2.301197E-09,0.7531965,36.4010849,3.00957055E-08,-0.0113926092,17.7845917,4.16804369E-08,0.0115527306,4.046917,63.7331657,63.72905,-2.020073E-11,1.45006174E-09,3.481591E-08,-6.50834664E-11,1,0,4,5671.14648,265.102936,2473.34668,1,0,0,0,0,1,0,0,0,0,1,0,0,0,Grip,-1.12374039E-06,0.04084654
116,2.3199985,1.3199985,-1.77082182E-09,0.7529789,36.75842,3.07532666E-08,-0.0111804567,17.8648186,3.28780558E-08,0.0106076244,4.011345,64.02454,64.02051,-5.70743452E-11,1.42330636E-09,2.59493209E-08,-1.83058235E-10,1,0,4,5694.78467,263.2355,2455.924,1,0,0,0,0,1,0,0,0,0,1,0,0,0,Grip,-1.09624659E-06,0.0405975729
117,2.33999848,1.33999848,-1.2086715E-09,0.7527653,37.1173439,3.12889945E-08,-0.0109867295,17.9443417,2.67863953E-08,0.00968636,3.97615433,64.31336,64.30939,-2.14743778E-10,1.44606893E-09,1.97958627E-08,-6.85708268E-10,1,0,4,5718.20068,261.395355,2438.75586,1,0,0,0,0,1,0,0,0,0,1,0,0,0,Grip,-1.07601954E-06,0.04035157
118,2.35999846,1.35999846,-6.39840847E-10,0.752554953,37.4778442,3.19480868E-08,-0.0108109815,18.0231724,3.29546168E-08,0.008787401,3.941536,64.59964,64.59574,-2.48839171E-10,1.42628764E-09,2.59042956E-08,-7.91103461E-10,1,0,4,5741.39551,259.582367,2421.841,1,0,0,0,0,1,0,0,0,0,1,0,0,0,Grip,-1.09322809E-06,0.04010866
119,2.37999845,1.37999845,-4.29954961E-11,0.7523477,37.83991,3.25239071E-08,-0.0106517067,18.1013184,2.8791014E-08,0.007963739,3.907299,64.88343,64.87961,-3.6529002E-10,1.44149825E-09,2.16831584E-08,-1.15630616E-09,1,0,4,5764.373,257.796234,2405.177,1,0,0,0,0,1,0,0,0,0,1,0,0,0,Grip,-1.07827339E-06,0.0398685932
120,2.39999843,1.39999843,5.814237E-10,0.7521431,38.2035179,3.31921939E-08,-0.0105074616,18.178793,3.3414338E-08,0.007212255,3.87372971,65.16476,65.161,-3.88421739E-10,1.45295609E-09,2.625061E-08,-1.22428689E-09,1,0,4,5787.13525,256.036774,2388.76172,1,0,0,0,0,1,0,0,0,0,1,0,0,0,Grip,-1.0897727E-06,0.0396313667
121,2.41999841,1.41999841,1.21872679E-09,0.751941144,38.5686646,3.39352333E-08,-0.0103764283,18.2556038,3.715197E-08,0.006551668,3.84054184,65.4436646,65.43997,-3.36413564E-10,1.440201E-09,2.993448E-08,-1.05589681E-09,1,0,4,5809.686,254.30368,2372.59229,1,0,0,0,0,1,0,0,0,0,1,0,0,0,Grip,-1.09843472E-06,0.039396897
122,2.43999839,1.43999839,1.89001659E-09,0.751741469,38.9353371,3.463413E-08,-0.0102575058,18.33176,3.4944847E-08,0.005946122,3.80783081,65.7201843,65.71655,-3.274927E-10,1.45975776E-09,2.76754477E-08,-1.02362563E-09,1,0,4,5832.02832,252.59671,2356.66675,1,0,0,0,0,1,0,0,0,0,1,0,0,0,Grip,-1.08879192E-06,0.0391653776
123,2.45999837,1.45999837,2.60525379E-09,0.7515439,39.3035164,3.5453354E-08,-0.0101490682,18.4072723,4.096119E-08,0.00542188063,3.77559662,65.99435,65.9907761,-6.35402841E-10,2.68254663E-09,3.3551725E-08,-1.97789363E-09,1,0,4,5854.168,250.9153,2340.97949,1,0,0,0,0,1,0,0,0,0,1,0,0,0,Grip,-1.10357678E-06,0.0389366671
124,2.47999835,1.47999835,3.324316E-09,0.7513482,39.67319,3.65290553E-08,-0.0100496132,18.4821472,5.37850653E-08,0.00497275032,3.743744,66.26618,66.26268,-1.12763132E-09,3.83179977E-09,4.615039E-08,-3.49588758E-09,1,0,4,5876.107,249.259354,2325.53,1,0,0,0,0,1,0,0,0,0,1,0,0,0,Grip,-2.02800516E-06,0.0387106761
125,2.49999833,1.49999833,4.06828926E-09,0.751154244,40.0443535,3.75707856E-08,-0.009957754,18.5563965,5.20865129E-08,0.004592957,3.71246338,66.5357361,66.53229,-1.21232446E-09,2.619117E-09,4.43206574E-08,-3.743411E-09,1,0,4,5897.84766,247.6285,2310.31445,1,0,0,0,0,1,0,0,0,0,1,0,0,0,Grip,-2.89684044E-06,0.03848754
126,2.51999831,1.51999831,4.83694151E-09,0.7509619,40.41699,3.86142958E-08,-0.009872405,18.6300278,5.217551E-08,0.00426745974,3.68156433,66.80303,66.79964,-1.29500322E-09,2.60685185E-09,4.42822348E-08,-3.98289846E-09,1,0,4,5919.396,246.022308,2295.329,1,0,0,0,0,1,0,0,0,0,1,0,0,0,Grip,-1.98005228E-06,0.038267225
127,2.53999829,1.53999829,5.635242E-09,0.750771046,40.79108,3.969165E-08,-0.00979221,18.7030525,5.38676659E-08,0.004009763,3.65123749,67.06811,67.06477,-1.34341249E-09,2.600598E-09,4.58502178E-08,-4.115649E-09,1,0,4,5940.75439,244.440475,2280.571,1,0,0,0,0,1,0,0,0,0,1,0,0,0,Grip,-1.97078E-06,0.038049683
128,2.55999827,1.55999827,6.46975E-09,0.750581741,41.1666222,4.083202E-08,-0.00971605,18.7754784,5.70185676E-08,0.00380799174,3.621292,67.33099,67.32772,-1.32816425E-09,2.60158917E-09,4.888048E-08,-4.05323552E-09,1,0,4,5961.926,242.8827,2266.03735,1,0,0,0,0,1,0,0,0,0,1,0,0,0,Grip,-1.966052E-06,0.03783477
129,2.57999825,1.57999825,7.330042E-09,0.7503938,41.5436,4.20710364E-08,-0.009643391,18.8473129,6.19508E-08,0.00363294967,3.59172821,67.59173,67.5885,-1.21386989E-09,2.58552024E-09,5.369551E-08,-3.69031383E-09,1,0,4,5982.91455,241.348587,2251.72437,1,0,0,0,0,1,0,0,0,0,1,0,0,0,Grip,-1.96680139E-06,0.0376228765
130,2.59999824,1.59999824,8.215257E-09,0.750207,41.9220047,4.33175877E-08,-0.009573459,18.9185658,6.23275653E-08,0.003496604,3.56264114,67.8503342,67.84715,-1.091589E-09,2.56819166E-09,5.39581819E-08,-3.30606365E-09,1,0,4,6003.725,239.8377,2237.62817,1,0,0,0,0,1,0,0,0,0,1,0,0,0,Grip,-1.95465327E-06,0.03741361
131,2.61999822,1.61999822,9.12464E-09,0.750021636,42.301815,4.45643167E-08,-0.009505194,18.9892445,6.233645E-08,0.00341325067,3.53393555,68.10684,68.103714,-9.685905E-10,2.54997445E-09,5.385621E-08,-2.92262037E-09,1,0,4,6024.358,238.34996,2223.7478,1,0,0,0,0,1,0,0,0,0,1,0,0,0,Grip,-1.941553E-06,0.03720708
132,2.6399982,1.6399982,1.00507567E-08,0.7498375,42.683033,4.5805745E-08,-0.00943824,19.0593567,6.20714147E-08,0.00334768556,3.50561142,68.36128,68.35821,-8.504699E-10,2.52220356E-09,5.348346E-08,-2.55676147E-09,1,0,4,6044.81836,236.884811,2210.07837,1,0,0,0,0,1,0,0,0,0,1,0,0,0,Grip,-1.92778066E-06,0.0370031819
133,2.65999818,1.65999818,1.10061258E-08,0.749654651,43.0656433,4.699042E-08,-0.009372328,19.128912,5.92336846E-08,0.003295578,3.47776413,68.6136856,68.6106644,-3.32626371E-10,1.3201048E-09,5.06236546E-08,-9.963353E-10,1,0,4,6065.107,235.442123,2196.61841,1,0,0,0,0,1,0,0,0,0,1,0,0,0,Grip,-1.90678588E-06,0.0368022323
134,2.67999816,1.67999816,1.19770505E-08,0.749473035,43.4496269,4.8135206E-08,-0.009306894,19.1979179,5.723937E-08,0.0032717362,3.45029831,68.86409,68.8611145,1.461693E-10,1.30184108E-09,4.86083458E-08,4.36255365E-10,1,0,4,6085.231,234.021286,2183.3623,1,0,0,0,0,1,0,0,0,0,1,0,0,0,Grip,-9.979992E-07,0.03660383
135,2.69999814,1.69999814,1.29591582E-08,0.7492926,43.8349838,4.91873742E-08,-0.009241757,19.2663841,5.26084065E-08,0.003256835,3.42330933,69.11251,69.10958,5.331877E-10,1.28055311E-09,4.39571863E-08,1.58569025E-09,1,0,4,6105.189,232.622269,2170.30981,1,0,0,0,0,1,0,0,0,0,1,0,0,0,Grip,-9.841918E-07,0.03640818
136,2.71999812,1.71999812,1.39483456E-08,0.749113441,44.2216949,5.0135057E-08,-0.00917659048,19.3343163,4.738414E-08,0.00325832516,3.39660645,69.3589859,69.3561,8.16537948E-10,1.25696231E-09,3.87139565E-08,2.41983433E-09,1,0,4,6124.98633,231.2446,2157.45654,1,0,0,0,0,1,0,0,0,0,1,0,0,0,Grip,-9.680981E-07,0.0362136662
137,2.739998,1.7399981,1.49562638E-08,0.748935461,44.6097565,5.09696747E-08,-0.009111141,19.401722,4.17308854E-08,0.00327248126,3.370285,69.6035461,69.6007,9.880736E-10,1.25120281E-09,3.3042685E-08,2.91801E-09,1,0,4,6144.63037,229.8876,2144.79614,1,0,0,0,0,1,0,0,0,0,1,0,0,0,Grip,-9.502635E-07,0.0360232
138,2.759998,1.75999808,1.6021346E-08,0.7487588,44.99916,5.17924761E-08,-0.00904519949,19.46861,4.114007E-08,0.00329706818,3.34444046,69.84621,69.84341,1.14999921E-09,1.293749E-09,3.24344853E-08,3.38454287E-09,1,0,4,6164.11328,228.551758,2132.333,1,0,0,0,0,1,0,0,0,0,1,0,0,0,Grip,-9.459093E-07,0.0358353779
139,2.779998,1.77999806,1.71049717E-08,0.7485833,45.38989,5.28725259E-08,-0.008978842,19.53499,5.400249E-08,0.00331788324,3.31897736,70.0870056,70.08425,1.570239E-09,1.28145428E-09,4.52803626E-08,4.605637E-09,1,0,4,6183.44336,227.236328,2120.0603,1,0,0,0,0,1,0,0,0,0,1,0,0,0,Grip,-9.780742E-07,0.0356502
140,2.799998,1.799998,1.820343E-08,0.748409331,45.78193,5.39059357E-08,-0.008911739,19.6008663,5.167049E-08,0.00335513614,3.29380035,70.32597,70.32326,1.94487626E-09,1.26588151E-09,4.29328644E-08,5.685302E-09,1,0,4,6202.62451,225.940948,2107.97485,1,0,0,0,0,1,0,0,0,0,1,0,0,0,Grip,-9.687794E-07,0.03546746
141,2.819998,1.819998,1.93240677E-08,0.7482363,46.17528,5.48768426E-08,-0.008844189,19.6662464,4.85453455E-08,0.00337748788,3.26900482,70.5631256,70.5604553,2.25830021E-09,1.26092237E-09,3.9792976E-08,6.57955823E-09,1,0,4,6221.65674,224.665451,2096.07471,1,0,0,0,0,1,0,0,0,0,1,0,0,0,Grip,-9.570064E-07,0.0352872834
142,2.839998,1.839998,2.04714237E-08,0.7480648,46.56993,5.584714E-08,-0.008775582,19.7311382,4.85147922E-08,0.003430387,3.24459076,70.79849,70.79586,2.572527E-09,1.26144639E-09,3.97483824E-08,7.470404E-09,1,0,4,6240.54443,223.409439,2084.35645,1,0,0,0,0,1,0,0,0,0,1,0,0,0,Grip,-9.53257256E-07,0.03510957
143,2.859998,1.859998,2.16193374E-08,0.7478946,46.9658661,5.684948E-08,-0.008706304,19.79555,5.01170661E-08,0.003463868,3.22055817,71.0321045,71.02951,2.91958457E-09,1.22997112E-09,4.133729E-08,8.450637E-09,1,0,4,6259.288,222.172821,2072.819,1,0,0,0,0,1,0,0,0,0,1,0,0,0,Grip,-9.53653455E-07,0.0349343568
144,2.879998,1.879998,2.27663666E-08,0.7477257,47.3630829,5.77030157E-08,-0.008636222,19.8594856,4.26767954E-08,0.00350410119,3.19681168,71.2639847,71.26144,3.11872483E-09,1.20071886E-09,3.38845467E-08,8.997975E-09,1,0,4,6277.8916,220.955078,2061.45776,1,0,0,0,0,1,0,0,0,0,1,0,0,0,Grip,-9.298581E-07,0.0347616
145,2.899998,1.899998,2.39338469E-08,0.747558236,47.7615662,5.842207E-08,-0.008565351,19.9229546,3.59527519E-08,0.0035435427,3.17344666,71.4941559,71.49164,3.659384E-09,7.612994E-12,2.72242033E-08,1.05242126E-08,1,0,4,6296.358,219.756,2050.27075,1,0,0,0,0,1,0,0,0,0,1,0,0,0,Grip,-9.077434E-07,0.03459128
146,2.919998,1.91999793,2.51301877E-08,0.747392058,48.1613121,5.90943046E-08,-0.008493809,19.9859638,3.361169E-08,0.00357711688,3.150463,71.72264,71.72017,4.154746E-09,2.56862257E-11,2.49457859E-08,1.19111725E-08,1,0,4,6314.68848,218.5753,2039.25513,1,0,0,0,0,1,0,0,0,0,1,0,0,0,Grip,-5.755423E-09,0.03442325
147,2.939998,1.93999791,2.635009E-08,0.747227252,48.5623055,5.98181558E-08,-0.008421478,20.04852,3.619256E-08,0.00361655839,3.12776566,71.94948,71.94704,4.7030575E-09,3.62240377E-11,2.75885021E-08,1.344104E-08,1,0,4,6332.88525,217.41272,2028.40845,1,0,0,0,0,1,0,0,0,0,1,0,0,0,Grip,-1.94187866E-08,0.0342576
148,2.959998,1.95999789,2.76031571E-08,0.7470639,48.9645424,6.055512E-08,-0.008348358,20.1106281,3.68480357E-08,0.003656,3.10544968,72.174675,72.17227,5.265953E-09,5.72595756E-11,2.830476E-08,1.50032715E-08,1,0,4,6350.95068,216.268036,2017.72888,1,0,0,0,0,1,0,0,0,0,1,0,0,0,Grip,-2.73853722E-08,0.0340942144
149,2.97999787,1.97999787,2.88780733E-08,0.74690187,49.36801,6.137182E-08,-0.008274478,20.1722965,4.08352463E-08,0.00369399786,3.0834198,72.39827,72.3959045,5.909751E-09,6.3431E-11,3.23519522E-08,1.678604E-08,1,0,4,6368.88672,215.1409,2007.21289,1,0,0,0,0,1,0,0,0,0,1,0,0,0,Grip,-4.328824E-08,0.0339331776
150,2.99999785,1.99999785,3.01679464E-08,0.746741354,49.7727051,6.218515E-08,-0.008199823,20.23353,4.06664924E-08,0.00373274088,3.061676,72.62027,72.61794,6.551126E-09,6.188459E-11,3.22423759E-08,1.8551475E-08,1,0,4,6386.69727,214.031,1996.85791,1,0,0,0,0,1,0,0,0,0,1,0,0,0,Grip,-4.79538329E-08,0.03377439
151,3.01999784,2.01999784,3.13780646E-08,0.7465824,50.1786156,6.295354E-08,-0.008124617,20.2943344,3.84194E-08,0.003760308,3.04021835,72.84071,72.83842,8.113126E-09,-2.42816744E-09,3.019851E-08,2.29059E-08,1,0,4,6404.382,212.938248,1986.66272,1,0,0,0,0,1,0,0,0,0,1,0,0,0,Grip,-4.678475E-08,0.0336178355
152,3.03999782,2.03999782,3.26209E-08,0.7464247,50.5857277,6.290651E-08,-0.008049143,20.35472,-2.35154118E-09,0.003773719,3.01923752,73.05961,73.05734,8.860784E-09,-2.37451059E-09,-1.03734878E-08,2.4942544E-08,1,0,4,6421.945,211.862183,1976.62329,1,0,0,0,0,1,0,0,0,0,1,0,0,0,Grip,1.83569455E-06,0.03346354
153,3.0599978,2.0599978,3.38671E-08,0.7462685,50.9940453,6.29736761E-08,-0.007972909,20.4146862,3.35838024E-09,0.00381167047,2.998352,73.27699,73.274765,9.722854E-09,-2.3559712E-09,-4.467821E-09,2.72888041E-08,1,0,4,6439.38672,210.802689,1966.73853,1,0,0,0,0,1,0,0,0,0,1,0,0,0,Grip,1.79513E-06,0.0333114
154,3.07999778,2.07999778,3.5115967E-08,0.7461139,51.40355,6.295539E-08,-0.0078962585,20.4742432,-9.144685E-10,0.003832532,2.977848,73.4928741,73.49068,1.04996509E-08,-2.33648123E-09,-8.548809E-09,2.9383278E-08,1,0,4,6456.71,209.759476,1957.00549,1,0,0,0,0,1,0,0,0,0,1,0,0,0,Grip,1.78111418E-06,0.03316138
155,3.09999776,2.09999776,3.63588E-08,0.745960832,51.81424,6.286851E-08,-0.00781931,20.5333977,-4.343903E-09,0.00384743325,2.95772552,73.70728,73.70512,1.12077529E-08,-2.325001E-09,-1.17901928E-08,3.12745279E-08,1,0,4,6473.91553,208.732361,1947.42285,1,0,0,0,0,1,0,0,0,0,1,0,0,0,Grip,1.7663798E-06,0.03301353
156,3.11999774,2.11999774,3.76151874E-08,0.7458091,52.2261,6.267411E-08,-0.00774225732,20.5921555,-9.719869E-09,0.00385262538,2.937889,73.9202347,73.9181,1.18086376E-08,-2.29046071E-09,-1.69816055E-08,3.28572227E-08,1,0,4,6491.00732,207.720963,1937.98669,1,0,0,0,0,1,0,0,0,0,1,0,0,0,Grip,1.75770072E-06,0.032867752
157,3.13999772,2.13999772,3.8868027E-08,0.7456589,52.6391335,6.25228438E-08,-0.007664832,20.6505184,-7.563372E-09,0.003871275,2.918148,74.13177,74.1296539,1.24524711E-08,-2.2752118E-09,-1.46435246E-08,3.45507267E-08,1,0,4,6507.986,206.725174,1928.69629,1,0,0,0,0,1,0,0,0,0,1,0,0,0,Grip,1.73158821E-06,0.03272401
158,3.1599977,2.1599977,4.01139424E-08,0.7455102,53.05332,6.23039256E-08,-0.00758716837,20.7084961,-1.09459108E-08,0.00388317276,2.89888382,74.34187,74.3398,1.30283127E-08,-2.26216956E-09,-1.78483219E-08,3.60472434E-08,1,0,4,6524.85352,205.744659,1919.54822,1,0,0,0,0,1,0,0,0,0,1,0,0,0,Grip,1.72006E-06,0.0325823724
159,3.17999768,2.17999768,4.13704235E-08,0.745363057,53.4686623,6.201105E-08,-0.0075093857,20.7660923,-1.46439305E-08,0.00388913322,2.87981033,74.55059,74.5485458,1.35302081E-08,-2.22954166E-09,-2.13716866E-08,3.733206E-08,1,0,4,6541.611,204.779312,1910.54175,1,0,0,0,0,1,0,0,0,0,1,0,0,0,Grip,1.71020008E-06,0.0324427
160,3.19999766,2.19999766,4.26140154E-08,0.745217443,53.8851471,6.177326E-08,-0.007431588,20.8233128,-1.18895116E-08,0.00388987828,2.861023,74.7579346,74.75592,1.45825361E-08,-3.41463635E-09,-1.837772E-08,4.01250233E-08,1,0,4,6558.26172,203.828766,1901.67346,1,0,0,0,0,1,0,0,0,0,1,0,0,0,Grip,1.68553345E-06,0.0323050544
161,3.21999764,2.21999764,4.386449E-08,0.7450732,54.30277,6.13613054E-08,-0.00735379057,20.8801632,-2.05975681E-08,0.00388987828,2.84252167,74.96393,74.96194,1.59571414E-08,-4.56794E-09,-2.67830647E-08,4.37877965E-08,1,0,4,6574.807,202.892853,1892.94165,1,0,0,0,0,1,0,0,0,0,1,0,0,0,Grip,2.581465E-06,0.03216938
162,3.23999763,2.23999763,4.5123393E-08,0.7449305,54.72152,6.08876E-08,-0.007275814,20.93665,-2.36852316E-08,0.003898819,2.82430649,75.1685944,75.166626,1.72684125E-08,-4.518602E-09,-2.957378E-08,4.72581725E-08,1,0,4,6591.248,201.971359,1884.34424,1,0,0,0,0,1,0,0,0,0,1,0,0,0,Grip,3.4533623E-06,0.0320356339
163,3.25999761,2.25999761,4.6374435E-08,0.744789362,55.1413956,6.041014E-08,-0.0071977335,20.9927769,-2.387317E-08,0.00390403438,2.80637741,75.37194,75.37,1.907383E-08,-5.678099E-09,-2.94035676E-08,5.205945E-08,1,0,4,6607.587,201.064056,1875.87939,1,0,0,0,0,1,0,0,0,0,1,0,0,0,Grip,3.416063E-06,0.03190379
164,3.27999759,2.27999759,4.761369E-08,0.7446499,55.56238,5.97619945E-08,-0.00711981673,21.04855,-3.24071436E-08,0.00389583874,2.788639,75.5740051,75.57209,2.12069473E-08,-6.830263E-09,-3.75196E-08,5.7728105E-08,1,0,4,6623.82373,200.170822,1867.54565,1,0,0,0,0,1,0,0,0,0,1,0,0,0,Grip,4.29264264E-06,0.03177391
165,3.29999757,2.29999757,4.884715E-08,0.7445116,55.98448,5.890825E-08,-0.007042272,21.1039734,-4.26872759E-08,0.00387723558,2.77118683,75.77478,75.7729,2.363345E-08,-7.96465E-09,-4.732374E-08,6.41644E-08,1,0,4,6639.964,199.291245,1859.33948,1,0,0,0,0,1,0,0,0,0,1,0,0,0,Grip,5.163679E-06,0.0316457525
166,3.31999755,2.31999755,5.005149E-08,0.7443751,56.40768,5.78848756E-08,-0.00696457876,21.1590538,-5.116867E-08,0.00388466287,2.75402069,75.97431,75.97246,2.48774441E-08,-5.534669E-09,-5.54693642E-08,6.736596E-08,1,0,4,6656.00439,198.425369,1851.26111,1,0,0,0,0,1,0,0,0,0,1,0,0,0,Grip,6.02127557E-06,0.0315195
167,3.33999753,2.33999753,5.124824E-08,0.74424,56.83197,5.676199E-08,-0.006887332,21.2137947,-5.61442448E-08,0.00386233442,2.73704529,76.1726,76.17077,2.55135255E-08,-4.29027569E-09,-6.01805539E-08,6.891011E-08,1,0,4,6671.95,197.572754,1843.3064,1,0,0,0,0,1,0,0,0,0,1,0,0,0,Grip,4.18421E-06,0.0313951224
168,3.35999751,2.35999751,5.24415569E-08,0.7441064,57.2573547,5.57214719E-08,-0.00681026466,21.2682018,-5.202594E-08,0.00385337044,2.720356,76.36967,76.36786,2.57230042E-08,-3.05194026E-09,-5.58676341E-08,6.92981459E-08,1,0,4,6687.80225,196.7333,1835.47449,1,0,0,0,0,1,0,0,0,0,1,0,0,0,Grip,3.24344842E-06,0.03127244
169,3.37999749,2.37999749,5.35762119E-08,0.7439743,57.683815,5.483124E-08,-0.00673352461,21.32228,-4.45115944E-08,0.00383700244,2.70395279,76.56553,76.56374,2.76034662E-08,-6.64607436E-09,-4.79691025E-08,7.41755E-08,1,0,4,6703.56055,195.9069,1827.7644,1,0,0,0,0,1,0,0,0,0,1,0,0,0,Grip,2.30726687E-06,0.0311515853
170,3.39999747,2.39999747,5.46869856E-08,0.743843734,58.11135,5.3474416E-08,-0.006657082,21.3760338,-6.78412E-08,0.00382212456,2.687645,76.7602158,76.75846,2.79944814E-08,-4.21344248E-09,-7.104949E-08,7.503704E-08,1,0,4,6719.228,195.093216,1820.17285,1,0,0,0,0,1,0,0,0,0,1,0,0,0,Grip,5.024432E-06,0.0310323685
171,3.41999745,2.41999745,5.57872539E-08,0.7437146,58.5399551,5.216818E-08,-0.006580953,21.4294662,-6.53118448E-08,0.003806455,2.67162323,76.95373,76.95199,2.84333126E-08,-4.16970858E-09,-6.82755754E-08,7.60232339E-08,1,0,4,6734.805,194.292175,1812.69934,1,0,0,0,0,1,0,0,0,0,1,0,0,0,Grip,3.1853624E-06,0.0309149884
172,3.43999743,2.43999743,5.683159E-08,0.743586957,58.9696274,5.09417966E-08,-0.006505047,21.482584,-6.131913E-08,0.00379530247,2.6558876,77.14608,77.14436,2.8436606E-08,-2.978305E-09,-6.41060964E-08,7.584402E-08,1,0,4,6750.29443,193.503525,1805.34143,1,0,0,0,0,1,0,0,0,0,1,0,0,0,Grip,3.15229954E-06,0.0307992622
173,3.45999742,2.45999742,5.78429962E-08,0.7434608,59.40035,4.95758457E-08,-0.00642961776,21.53539,-6.82975454E-08,0.00377146062,2.64034271,77.33731,77.33561,2.82979347E-08,-2.96281932E-09,-7.091092E-08,7.528907E-08,1,0,4,6765.69629,192.727081,1798.09741,1,0,0,0,0,1,0,0,0,0,1,0,0,0,Grip,2.25159852E-06,0.0306851976
174,3.4799974,2.4799974,5.884466E-08,0.743335962,59.8321228,4.820416E-08,-0.00635454571,21.58789,-6.858425E-08,0.0037536025,2.62498856,77.52741,77.5257339,2.76373218E-08,-1.73389647E-09,-7.108967E-08,7.335261E-08,1,0,4,6781.0127,191.962692,1790.96582,1,0,0,0,0,1,0,0,0,0,1,0,0,0,Grip,2.23989127E-06,0.0305727981
175,3.49999738,2.49999738,5.982408E-08,0.7432127,60.26494,4.70428745E-08,-0.00627968274,21.640089,-5.806431E-08,0.00374314841,2.6099205,77.71641,77.71476,2.66702571E-08,-5.28651234E-10,-6.052595E-08,7.0615144E-08,1,0,4,6796.24463,191.210175,1783.94507,1,0,0,0,0,1,0,0,0,0,1,0,0,0,Grip,1.31082572E-06,0.0304620434
176,3.51999736,2.51999736,6.077961E-08,0.7431011,60.6978531,4.5979494E-08,-0.00620532548,21.6416664,-5.31690247E-08,0.003717863,0.078868866,77.90432,77.9026947,2.569274E-08,-1.69631725E-10,-5.32430953E-08,6.80219E-08,1,0,4,6811.394,190.469345,147.207153,2,1,0,0,0,1,0,0,0,0,1,0,0,0,Grip,3.996603E-07,0.002536132
177,3.53999734,2.53999734,6.170987E-08,0.742975235,61.13059,4.501124E-08,-0.007426777,21.629425,-4.841265E-08,-0.0610725731,-0.6120682,77.909996,77.90849,2.47066385E-08,1.1182532E-10,-4.783676E-08,6.544805E-08,1,0,4,6429.57568,211.397522,163.3818,2,1,0,0,0,1,0,0,0,0,1,0,0,0,Grip,1.28241581E-07,0.00285929628
178,3.55999732,2.55999732,6.263008E-08,0.742790937,61.5631523,4.41282566E-08,-0.0107101109,21.6184063,-4.41492176E-08,-0.1641667,-0.550937653,77.86594,77.86461,2.37985489E-08,1.60883931E-10,-4.36293881E-08,6.307449E-08,1,0,4,6047.75732,236.6752,182.918045,2,1,0,0,0,1,0,0,0,0,1,0,0,0,Grip,-8.453994E-08,0.0033031432
179,3.5799973,2.5799973,6.3552946E-08,0.7425022,61.9955444,4.33963869E-08,-0.0161413923,21.6083488,-3.65934838E-08,-0.271564066,-0.502872467,77.82627,77.82513,2.30425616E-08,2.00580622E-10,-3.611736E-08,6.109915E-08,1,0,4,5665.939,265.515564,205.207779,2,1,0,0,0,1,0,0,0,0,1,0,0,0,Grip,-1.21628247E-07,0.0038147592
180,3.59999728,2.59999728,6.454335E-08,0.74206984,62.4277725,4.286047E-08,-0.0234269481,21.59936,-2.679581E-08,-0.3642778,-0.4494667,77.79008,77.7891,2.255531E-08,1.1450986E-10,-2.63699071E-08,5.98319261E-08,1,0,4,5284.12061,296.7927,229.380783,2,1,0,0,0,1,0,0,0,0,1,0,0,0,Grip,-1.51638943E-07,0.004371012
181,3.61999726,2.61999726,6.5492415E-08,0.7414652,62.8598442,4.28631353E-08,-0.0320500769,21.591486,1.33226763E-10,-0.431156456,-0.393676758,77.7577438,77.7569046,2.26748433E-08,-5.256791E-11,5.05512243E-10,6.017083E-08,1,0,4,4902.30225,329.041473,254.304749,2,1,0,0,0,1,0,0,0,0,1,0,0,0,Grip,-8.656945E-08,0.00494047
182,3.63999724,2.63999724,6.64104149E-08,0.740672648,63.2917747,4.26807E-08,-0.0413936451,21.5847149,-9.12177E-09,-0.467178434,-0.338554382,77.72943,77.7287,2.26776926E-08,-2.17719759E-10,-8.803244E-09,6.019716E-08,1,0,4,4520.484,360.4575,278.585083,2,1,0,0,0,1,0,0,0,0,1,0,0,0,Grip,3.97413373E-08,0.00548470858
183,3.65999722,2.65999722,6.733034E-08,0.739677668,63.7246971,4.244134E-08,-0.0508306921,21.6389313,-1.19680266E-08,-0.471852362,2.71081924,77.70512,77.70447,2.312625E-08,-1.50318868E-09,-1.44359085E-08,6.12339761E-08,1,0,4,4478.373,363.782318,2342.9563,2,0,0,0,0,1,0,0,0,0,1,0,0,0,Grip,1.64596131E-07,0.04640904
184,3.67999721,2.67999721,6.822334E-08,0.738518357,64.1589355,4.22414281E-08,-0.0583256,21.70959,-9.99556E-09,-0.3747454,3.53298187,77.90036,77.89972,2.20778258E-08,1.96863037E-09,-1.33501672E-08,5.826768E-08,1,0,4,4839.96631,334.28,2152.945,2,0,0,0,0,1,0,0,0,0,1,0,0,0,Grip,1.13641056E-06,0.041452352
185,3.69999719,2.69999719,6.911587E-08,0.7372644,64.59448,4.20834638E-08,-0.06251202,21.77836,-7.898215E-09,-0.2093209,3.43847275,78.15481,78.15409,2.160431E-08,6.82756351E-10,-1.12091936E-08,5.683797E-08,1,0,4,4809.26,336.849976,2169.49731,2,0,0,0,0,1,0,0,0,0,1,0,0,0,Grip,-1.48828451E-06,0.0401078835
186,3.71999717,2.71999717,6.9973E-08,0.735993862,65.03134,4.20113544E-08,-0.06292068,21.8471088,-3.60547148E-09,-0.0204332173,3.43742371,78.40242,78.40161,2.12093951E-08,6.06724559E-10,-6.95683466E-09,5.56234738E-08,1,0,4,4814.23047,336.434448,2166.821,2,0,0,0,0,1,0,0,0,0,1,0,0,0,Grip,-5.16163766E-07,0.0385673866
187,3.73999715,2.73999715,7.080652E-08,0.734783769,65.46953,4.180898E-08,-0.0596123077,21.915556,-1.01186615E-08,0.165418729,3.42235565,78.64992,78.64902,2.11933742E-08,-6.39312048E-10,-1.3411638E-08,5.540794E-08,1,0,4,4816.64063,336.2329,2165.523,2,0,0,0,0,1,0,0,0,0,1,0,0,0,Grip,-4.58683758E-07,0.03726261
188,3.75999713,2.75999713,7.16246E-08,0.733701646,65.90906,4.148172E-08,-0.05301458,21.9836521,-1.63630887E-08,0.329886377,3.404808,78.89629,78.89532,2.15615934E-08,-1.85891724E-09,-1.951292E-08,5.61960825E-08,1,0,4,4820.8374,335.881866,2163.262,2,0,0,0,0,1,0,0,0,0,1,0,0,0,Grip,4.83319866E-07,0.0361833423
189,3.779997,2.779997,7.246518E-08,0.732802033,66.34992,4.10382057E-08,-0.04377363,22.05135,-2.21756835E-08,0.462047577,3.38487625,79.14138,79.14035,2.180476E-08,-1.85074456E-09,-2.51812526E-08,5.66554519E-08,1,0,4,4826.717,335.389862,2160.09326,2,0,0,0,0,1,0,0,0,0,1,0,0,0,Grip,1.40534144E-06,0.03532727
190,3.799997,2.799997,7.334487E-08,0.7321239,66.79213,4.07592324E-08,-0.0326391235,22.11862,-1.39486644E-08,0.556725264,3.363514,79.38502,79.38397,2.27313475E-08,-3.0154057E-09,-1.67303416E-08,5.88834226E-08,1,0,4,4834.301,334.754761,2156.003,2,0,0,0,0,1,0,0,0,0,1,0,0,0,Grip,1.3991629E-06,0.03467624
191,3.819997,2.819997,7.422972E-08,0.7316911,67.23567,4.0655717E-08,-0.0203768574,22.1854458,-5.175771E-09,0.613113344,3.34129333,79.62712,79.6260757,2.43495784E-08,-4.180934E-09,-7.657083E-09,6.288533E-08,1,0,4,4843.467,333.986542,2151.05518,2,0,0,0,0,1,0,0,0,0,1,0,0,0,Grip,2.27964665E-06,0.03420606
192,3.839997,2.839997,7.510679E-08,0.7315124,67.68055,4.04480467E-08,-0.00770810246,22.2518215,-1.03835163E-08,0.633437753,3.31878662,79.86764,79.8666153,2.5852648E-08,-4.146646E-09,-1.25701369E-08,6.6568E-08,1,0,4,4854.034,333.1001,2145.346,2,0,0,0,0,1,0,0,0,0,1,0,0,0,Grip,3.16078581E-06,0.03389085
193,3.859997,2.859997,7.599745E-08,0.73159945,68.1252747,4.005544E-08,0.004732503,22.2391071,-1.96303418E-08,0.622030258,-0.6357193,80.10656,80.10558,2.66215849E-08,-2.773107E-09,-1.924751E-08,6.858699E-08,1,0,4,4865.80469,285.5002,1838.77686,2,0,0,0,0,0,1,0,0,0,0.87,0.22,0,0,Grip,3.1348643E-06,0.0434261076
194,3.879997,2.879997,7.685505E-08,0.731912851,68.56799,3.972862E-08,0.01442837,22.1275024,-1.63410618E-08,0.484793365,-5.58023453,80.06078,80.05996,2.7331037E-08,-2.34708741E-09,-1.324705E-08,7.076967E-08,1,0,4,4716.563,248.353714,1599.53308,2,0,0,0,0,0,1,0,0,0,0.74,0.44,0,0,Grip,2.096469E-06,0.0602507964
195,3.899997,2.899997,7.77085E-08,0.732327938,69.0077057,3.92023E-08,0.0178211387,21.9661636,-2.6316016E-08,0.169638455,-8.06694,79.65902,79.6585,2.77680225E-08,-2.02966732E-09,-2.21765468E-08,7.242899E-08,1,0,4,4559.167,208.482864,1342.74316,2,0,0,0,0,0,1,0,0,0,0.61,0.659999967,0,0,Grip,1.774398E-06,0.195436239
196,3.919997,2.919997,7.850825E-08,0.732668042,69.4437943,3.869776E-08,0.0125825871,21.774971,-2.52269317E-08,-0.261927575,-9.559631,79.07822,79.078,2.81796311E-08,-1.76298764E-09,-2.06600319E-08,7.41478345E-08,1,0,4,4358.63867,167.055878,1075.93079,2,0,0,0,0,0,1,0,0,0,0.480000019,0.88,0,0,Grip,1.53442841E-06,0.260290354
197,3.939997,2.939997,7.93167558E-08,0.7327353,69.87599,3.7949377E-08,-0.00213448214,21.5724812,-3.74191345E-08,-0.7358535,-10.1244926,78.38991,78.38988,2.83269621E-08,-1.53569579E-09,-3.28937553E-08,7.523513E-08,1,0,4,4106.15625,121.294868,781.205,2,0,0,0,0,0,1,0,0,0,0.350000024,1,0,0,Grip,1.33281867E-06,0.2713682
198,3.959997,2.959997,8.010268E-08,0.732341766,70.30448,3.73474975E-08,-0.025672758,21.3830013,-3.009397E-08,-1.17691386,-9.473991,77.66093,77.66092,2.91399846E-08,-2.60131139E-09,-2.63502855E-08,7.808037E-08,1,0,4,3724.33813,69.75888,449.285156,2,0,0,0,0,0,1,0,0,0,0.220000029,1,0,0,Grip,1.160986E-06,0.456172824
199,3.979997,2.979997,8.088557E-08,0.731344,70.72948,3.66879256E-08,-0.0559304059,21.2075729,-3.29785976E-08,-1.51288247,-8.77142,76.97886,76.9787,3.04197663E-08,-3.74815068E-09,-3.016498E-08,8.21837745E-08,1,0,4,3342.52,18.112402,116.653732,2,0,0,0,0,0,1,0,0,0,0.09000003,1,0,0,Grip,1.9665913E-06,0.338988364
200,3.999997,2.999997,8.16767738E-08,0.7296581,71.15101,3.60397721E-08,-0.09014307,21.034874,-3.24076765E-08,-1.71063328,-8.634949,76.34753,76.34717,3.22242855E-08,-4.946132E-09,-3.04806846E-08,8.777347E-08,1,0,4,2960.702,-13.7380123,-88.48028,2,0,0,0,0,0,1,0,0,0,0,1,0,0,Grip,2.833602E-06,0.5025028
201,4.019997,3.01999712,8.245241E-08,0.7272545,71.56919,3.542221E-08,-0.125630274,20.86938,-3.08780557E-08,-1.7743603,-8.274651,75.7262344,75.72566,3.40513E-08,-4.96937247E-09,-2.983995E-08,9.348485E-08,1,0,4,2578.88379,-11.1925583,-72.08617,2,0,0,0,0,0,1,0,0,0,0,1,0,0,Grip,3.7392756E-06,0.389668882
202,4.039997,3.039997,8.305666E-08,0.724157035,71.9839,3.46678846E-08,-0.159889519,20.698513,-3.771632E-08,-1.71296227,-8.543396,75.13113,75.13037,3.26987859E-08,2.36841635E-09,-3.62654369E-08,9.0511854E-08,1,0,4,2539.68823,-10.9312553,-70.40324,2,0,0,0,0,0,1,0,0,0,0,1,0,0,Grip,3.75684544E-06,0.4236194
203,4.059997,3.059997,8.35483E-08,0.7204276,72.3950653,3.296982E-08,-0.191027671,20.5239639,-8.49032844E-08,-1.55690765,-8.727455,74.51687,74.51595,2.74520531E-08,9.5533E-09,-8.180975E-08,7.66340236E-08,1,0,4,2481.02515,-10.5401678,-67.88442,2,0,0,0,0,0,1,0,0,0,0,1,0,0,Grip,-1.79052267E-06,0.3546615
204,4.079997,3.079997,8.399793E-08,0.716156065,72.80263,3.092187E-08,-0.217670172,20.3468647,-1.02397379E-07,-1.33212507,-8.854961,73.8894653,73.88839,2.386556E-08,4.65647876E-09,-9.85012463E-08,6.720123E-08,1,0,4,2489.92847,-10.5995235,-68.2667,2,0,0,0,0,0,1,0,0,0,0,1,0,0,Grip,-7.2222947E-06,0.4824863
205,4.099997,3.099997,8.44277253E-08,0.7114504,73.2065353,2.9191435E-08,-0.23890245,20.1675758,-8.65218155E-08,-1.06161392,-8.964443,73.2529,73.2516556,1.87104874E-08,9.26204446E-09,-8.09838241E-08,5.31532862E-08,1,0,4,2472.77563,-10.4851713,-67.53021,2,0,0,0,0,0,1,0,0,0,0,1,0,0,Grip,-3.520298E-06,0.342975736
206,4.119997,3.119997,8.485007E-08,0.7064302,73.606636,2.76676886E-08,-0.254217863,19.9799252,-7.618733E-08,-0.7657707,-9.382534,72.60837,72.60691,1.28988731E-08,1.14467351E-08,-6.830629E-08,3.69873874E-08,1,0,4,2482.69824,-10.551322,-67.95626,2,0,0,0,0,0,1,0,0,0,0,1,0,0,Grip,-7.00210558E-06,0.481498718
207,4.139997,3.139997,8.52759854E-08,0.701215148,74.00288,2.65822351E-08,-0.263560742,19.78973,-5.42726752E-08,-0.467143953,-9.509754,71.93355,71.93183,1.37579041E-08,-4.20828838E-09,-4.714787E-08,3.98296969E-08,1,0,4,2483.162,-10.5544138,-67.97617,2,0,0,0,0,0,1,0,0,0,0,1,0,0,Grip,-8.653731E-06,0.3277531
208,4.159997,3.159997,8.56951345E-08,0.695922256,74.3950958,2.603945E-08,-0.267124861,19.5910339,-2.71392686E-08,-0.178205967,-9.934807,71.2493439,71.24727,1.6966748E-08,-8.996054E-09,-2.155307E-08,4.96177321E-08,1,0,4,2489.71948,-10.5981293,-68.25772,2,0,0,0,0,0,1,0,0,0,0,1,0,0,Grip,3.181466E-06,0.484686673
209,4.179997,3.179997,8.619162E-08,0.6906575,74.7832642,2.53008565E-08,-0.26537782,19.3908825,-3.692966E-08,0.0873521,-10.0075722,70.53428,70.5317459,6.10635276E-09,2.63341082E-08,-2.60223E-08,1.80419484E-08,1,0,4,2490.36133,-10.6024094,-68.2852859,2,0,0,0,0,0,1,0,0,0,0,1,0,0,Grip,6.8010163E-06,0.31853193
210,4.199997,3.199997,8.66862E-08,0.68551743,75.16721,2.47591831E-08,-0.25887695,19.1825733,-2.70836686E-08,0.3250435,-10.4154587,69.81371,69.8106,-4.733378E-09,2.7270568E-08,-1.00338662E-08,-1.4137389E-08,1,0,4,2490.02319,-10.6001549,-68.27077,2,0,0,0,0,0,1,0,0,0,0,1,0,0,Grip,-1.99085844E-05,0.4790926
211,4.219997,3.219997,8.720617E-08,0.680583,75.54695,2.53219365E-08,-0.248316288,18.973671,2.813767E-08,0.5280331,-10.445118,69.06355,69.05973,2.32762183E-08,-7.153397E-08,3.025303E-08,7.028683E-08,1,0,4,2486.38135,-10.5758753,-68.1143951,2,0,0,0,0,0,1,0,0,0,0,1,0,0,Grip,-2.061655E-05,0.300858617
212,4.239997,3.239997,8.775594E-08,0.67592293,75.92233,2.6759734E-08,-0.234377936,18.7581387,7.188987E-08,0.696917653,-10.7766151,68.3110657,68.30639,6.430577E-08,-1.05516087E-07,5.12650331E-08,1.9641881E-07,1,0,4,2477.88159,-10.5192108,-67.74944,2,0,0,0,0,0,1,0,0,0,0,1,0,0,Grip,5.407968E-05,0.4992203
213,4.259997,3.259997,8.819858E-08,0.671589732,76.2934341,2.503586E-08,-0.217777416,18.5457821,-8.619372E-08,0.830026,-10.6178284,67.53457,67.52891,9.219219E-09,1.42288613E-07,-7.624117E-08,2.84828463E-08,1,0,4,2467.694,-10.4512939,-67.31202,2,0,0,0,0,0,1,0,0,0,0,1,0,0,Grip,7.977016E-05,0.317023456
214,4.279997,3.27999687,8.85684344E-08,0.6676254,76.6601257,1.94332834E-08,-0.199133322,18.326479,-2.801288E-07,0.9322047,-10.9651566,66.76942,66.76264,-3.681107E-08,1.10294494E-07,-2.45594123E-07,-1.15092405E-07,1,0,4,2451.69824,-10.344655,-66.62521,2,0,0,0,0,0,1,0,0,0,0,1,0,0,Grip,-0.000107570188,0.4519162
215,4.299997,3.29999685,8.93044E-08,0.6640589,77.02234,2.03575823E-08,-0.179071531,18.1047077,4.6214943E-08,1.00308955,-11.088562,65.97922,65.97122,3.21798268E-07,-9.847824E-07,-1.37749524E-07,1.018482E-06,1,0,4,2437.02954,-10.2468634,-65.99538,2,0,0,0,0,0,1,0,0,0,0,1,0,0,Grip,-8.33826343E-05,0.25029853
216,4.319997,3.31999683,9.06614659E-08,0.6609073,77.38002,2.43296441E-08,-0.158180431,17.8792419,1.9860309E-07,1.04455507,-11.2732887,65.18013,65.1708145,1.16044635E-06,-2.34140225E-06,-5.174511E-07,3.71921715E-06,1,0,4,2414.871,-10.0991411,-65.04397,2,0,0,0,0,0,1,0,0,0,0,1,0,0,Grip,0.0007444955,0.515291452
217,4.339997,3.33999681,9.17200538E-08,0.6581753,77.7333755,-1.34573321E-08,-0.136994123,17.6644535,-1.88934882E-06,1.05931532,-10.7394218,64.36779,64.35708,2.17169827E-06,-3.00384841E-06,-3.21788048E-06,7.045134E-06,1,0,4,2392.29932,-9.948662,-64.0748,2,0,0,0,0,0,1,0,0,0,0,1,0,0,Grip,0.00177010009,0.326642454
218,4.359997,3.3599968,9.047037E-08,0.6558629,78.08228,-1.4144031E-07,-0.115859739,17.4434986,-6.399149E-06,1.05671918,-11.0477448,63.59395,63.5818138,2.679483E-06,-1.90009837E-06,-8.185781E-06,8.8028155E-06,1,0,4,2364.22559,-9.761504,-62.8694,2,0,0,0,0,0,1,0,0,0,0,1,0,0,Grip,0.00227090926,0.423676074
219,4.379997,3.37999678,8.27554345E-08,0.653964,78.42663,-3.6731825E-07,-0.09510804,17.2162361,-1.12938969E-05,1.037585,-11.3631248,62.79798,62.78444,1.17925993E-07,6.65785547E-06,-1.16132514E-05,3.92545076E-07,1,0,4,2343.06641,-9.620442,-61.9608879,2,0,0,0,0,0,1,0,0,0,0,1,0,0,Grip,0.00143647427,0.2036621
220,4.39999676,3.39999676,7.486111E-08,0.652461648,78.766655,-6.219169E-07,-0.0751025453,17.00136,-1.27299336E-05,1.00027478,-10.7438087,61.9793968,61.9644547,3.91050344E-06,-1.18992339E-05,-1.55941652E-05,1.31819706E-05,1,0,4,2312.91113,-9.419408,-60.6661148,2,0,0,0,0,0,1,0,0,0,0,1,0,0,Grip,-0.00503333844,0.5072141
221,4.41999674,3.41999674,6.77916958E-08,0.6513378,79.1024,-6.125649E-07,-0.0560432673,16.788475,4.67599648E-07,0.952963948,-10.6442451,61.20549,61.1892166,6.82959035E-06,-8.824441E-06,-4.25110829E-06,2.331454E-05,1,0,4,2283.37964,-9.22253,-59.3981171,2,0,0,0,0,0,1,0,0,0,0,1,0,0,Grip,0.008995821,0.314261526
222,4.43999672,3.43999672,5.360154E-08,0.65057224,79.43381,-1.06231391E-06,-0.03804559,16.5722485,-2.24874511E-05,0.8998839,-10.8113289,60.4388466,60.42134,8.84409E-06,-7.723594E-06,-2.895025E-05,3.058625E-05,1,0,4,2255.46753,-9.03645,-58.19966,2,0,0,0,0,0,1,0,0,0,0,1,0,0,Grip,0.006671277,0.4697911
223,4.4599967,3.4599967,2.93815283E-08,0.650140643,79.7609,-1.780025E-06,-0.021251563,16.3575134,-3.58855541E-05,0.8397013,-10.7367516,59.66025,59.64162,1.26143341E-05,-1.41046794E-05,-4.53337925E-05,4.41989068E-05,1,0,4,2228.92285,-8.859486,-9.918825,1,1,0,0,0,0,1,0,0,0,0,1,0,0,Grip,0.005839037,0.265999258
224,4.47999668,3.47999668,-7.156359E-09,0.6500175,80.08369,-2.69367933E-06,-0.00578677049,16.1426849,-4.5682722E-05,0.7732396,-10.7414246,58.8870964,58.86746,1.85830231E-05,-2.18921959E-05,-5.984037E-05,6.598027E-05,1,0,4,2610.741,-11.40494,-12.7686415,1,1,0,0,0,0,1,0,0,0,0,1,0,0,Grip,0.0106631368,0.587629735
225,4.49999666,3.49999666,-6.601948E-08,0.6501732,80.40237,-4.022574E-06,0.00825152453,15.9379683,-6.644474E-05,0.7019147,-10.2358341,58.11367,58.093132,2.31819831E-05,-1.945821E-05,-8.391636E-05,8.336784E-05,1,0,4,2992.559,-13.9503946,-15.6184607,1,1,0,0,0,0,1,0,0,0,0,1,0,0,Grip,0.0165505,0.4020682
226,4.51999664,3.51999664,-1.62617425E-07,0.6505817,80.7166748,-5.941627E-06,0.02086612,15.7189989,-9.595265E-05,0.6307298,-10.9484673,57.37669,57.3554153,2.20711663E-05,-3.836709E-06,-0.000115464849,8.04800147E-05,1,0,4,3106.914,-14.7127609,-16.471983,1,1,0,0,0,0,1,0,0,0,0,1,0,0,Grip,0.0147104058,0.217754245
227,4.53999662,3.53999662,-2.715188E-07,0.6512118,81.02682,-8.256836E-06,0.03198086,15.51149,-0.000115760442,0.5557371,-10.375452,56.5884476,56.5665359,5.05718344E-05,-0.000100381687,-0.00015511,0.0001868738,1,0,4,3053.31226,-14.3554153,-16.071909,1,1,0,0,0,0,1,0,0,0,0,1,0,0,Grip,0.00290055177,0.563937068
228,4.5599966,3.5599966,-4.13253E-07,0.652032852,81.33295,-1.05072368E-05,0.0415894873,15.3111773,-0.000112520051,0.480431318,-10.0156307,55.8414841,55.8190727,7.416872E-05,-8.684295E-05,-0.000167909267,0.0002776576,1,0,4,3015.5625,-14.10375,-15.7901525,1,1,0,0,0,0,1,0,0,0,0,1,0,0,Grip,0.07588855,0.380719453
229,4.57999659,3.57999659,-6.425255E-07,0.6530187,81.63489,-1.60164764E-05,0.0497974269,15.10077,-0.000275462,0.410397,-10.5203629,55.1204376,55.0977058,9.49217647E-05,-9.084576E-05,-0.000352751,0.000360302685,1,0,4,2958.88,-13.7258663,-15.3670835,1,1,0,0,0,0,1,0,0,0,0,1,0,0,Grip,0.0656532645,0.300907761
230,4.59999657,3.59999657,-1.0038973E-06,0.6541413,81.9327545,-2.37742461E-05,0.05663288,14.8975773,-0.0003878885,0.341772676,-10.1596355,54.3630676,54.3401146,0.0001118527,-8.801972E-05,-0.000480386982,0.000430362183,1,0,4,2934.61353,-13.5640907,-126.549713,1,0,0,0,0,0,1,0,0,0,0,1,0,0,Grip,0.06867939,0.5634751
231,4.61999655,3.61999655,-1.54589725E-06,0.655373752,82.22669,-3.356923E-05,0.0621513128,14.7014961,-0.000489749247,0.275921643,-9.804058,53.6316643,53.6086159,0.000117943724,-6.042544E-05,-0.000590804964,0.000459851843,1,0,4,2835.04761,-12.9003181,-120.356873,1,0,0,0,0,0,1,0,0,0,0,1,0,0,Grip,0.06654291,0.3694224
232,4.63999653,3.63999653,-2.24072346E-06,0.6566938,82.51656,-4.481075E-05,0.06648829,14.4972811,-0.000562075933,0.216848776,-10.2107525,52.9258575,52.9028473,0.0001675099,-0.000217007357,-0.0007116384,0.0006623072,1,0,4,2867.19653,-13.1146431,-122.356468,1,0,0,0,0,0,1,0,0,0,0,1,0,0,Grip,0.04568163,0.347344041
233,4.65999651,3.65999651,-3.16338333E-06,0.658078969,82.80246,-5.63385838E-05,0.06971459,14.2986116,-0.000576391758,0.161315128,-9.933472,52.19076,52.1678772,0.000185719327,-0.00011460371,-0.000744589663,0.000744507357,1,0,4,2723.41455,-12.1560974,-113.413467,1,0,0,0,0,0,1,0,0,0,0,1,0,0,Grip,0.164057553,0.454074621
234,4.67999649,3.67999649,-4.999089E-06,0.659508944,83.0843353,-7.353727E-05,0.0719127059,14.0972614,-0.0008599342,0.10990575,-10.0675106,51.4756126,51.4529381,-0.00029248072,0.001618181,-0.0007037633,-0.00118923618,1,0,4,2828.78979,-12.8585987,-119.967636,1,0,0,0,0,0,1,0,0,0,0,1,0,0,Grip,0.0866404,0.26734823
235,4.69999647,3.69999647,-7.12321844E-06,0.6609645,83.36232,-9.42705738E-05,0.07316518,13.9021788,-0.0010366654,0.06262362,-9.754133,50.7507973,50.728405,-0.000482335454,0.0006177221,-0.0007646175,-0.00198870874,1,0,4,2566.90161,-11.1126776,-103.678612,1,0,0,0,0,0,1,0,0,0,0,1,0,0,Grip,-1.2233448,0.611375
236,4.71999645,3.71999645,-8.64627054E-06,0.6624284,83.63649,-5.37955457E-05,0.0735905543,13.7119007,0.00202375138,0.0212688,-9.513903,50.0485344,50.02649,-0.0005867289,0.000547388743,0.00239329413,-0.00245269365,1,0,4,2858.32715,-13.0555143,-121.804817,1,0,0,0,0,0,1,0,0,0,0,1,0,0,Grip,-0.4669979,0.4851484
237,4.73999643,3.73999643,-9.472049E-06,0.66388917,83.9066544,8.580341E-07,0.07334446,13.5105581,0.002732679,-0.0123046339,-10.0671291,49.3635521,49.3419342,-0.000802458148,0.00102919585,0.003331006,-0.003404484,1,0,4,2476.509,-10.51006,-98.0563354,1,0,0,0,0,0,1,0,0,0,0,1,0,0,Grip,-0.41382587,0.160869181
238,4.75999641,3.75999641,-8.839001E-06,0.665333152,84.172966,6.332832E-05,0.0724839345,13.3182545,0.00312351435,-0.0430263579,-9.615183,48.6387253,48.6175423,-0.000642246043,-0.000320037681,0.00363280787,-0.002764106,1,0,4,2858.32715,-13.0555143,-121.804817,1,0,0,0,0,0,1,0,0,0,0,1,0,0,Grip,-0.778072059,0.754412055
239,4.7799964,3.7799964,-6.486631E-06,0.6667491,84.43559,0.000155506918,0.07110178,13.1337252,0.00460893,-0.06910786,-9.226465,47.9464264,47.9257126,-0.000465665333,-0.000279756379,0.005045355,-0.002032284,1,0,4,2476.509,-10.51006,-98.0563354,1,0,0,0,0,0,1,0,0,0,0,1,0,0,Grip,0.241948485,0.439291835
240,4.79999638,3.79999638,-2.91814354E-06,0.668132067,84.6942749,0.000220127637,0.0693601444,12.9359522,0.003231036,-0.08708164,-9.888649,47.2821045,47.2619171,-0.000377889955,-4.95892964E-05,0.00368836918,-0.00167441624,1,0,4,2663.34033,-11.7556028,-109.676949,1,0,0,0,0,0,1,0,0,0,0,1,0,0,Grip,0.211495817,0.267639518
241,4.81999636,3.81999636,1.72932823E-06,0.669474959,84.94911,0.000263419148,0.06730705,12.742918,0.0021645755,-0.102654845,-9.651709,46.5700951,46.5504265,-0.000202739291,-0.0004779035,0.00251798728,-0.0009119345,1,0,4,2281.52222,-9.210148,-85.92847,1,0,0,0,0,0,1,0,0,0,0,1,0,0,Grip,0.0374895073,0.61667335
242,4.83999634,3.83999634,7.24764868E-06,0.67077136,85.2002,0.000300471234,0.06498554,12.5560179,0.00185260433,-0.1160752,-9.345007,45.87514,45.85598,-4.85351775E-05,-0.000435584283,0.00211279746,-0.000221563,1,0,4,2663.34033,-11.7556028,-109.676949,1,0,0,0,0,0,1,0,0,0,0,1,0,0,Grip,0.361295044,0.5911292
243,4.85999632,3.85999632,1.31894776E-05,0.672019,85.44749,0.0003147585,0.0624984875,12.364769,0.0007143637,-0.1243528,-9.562445,45.2022667,45.1836243,3.76356475E-05,-0.0002667396,0.000929201662,0.000174463246,1,0,4,2281.52222,-9.210148,-85.92847,1,0,0,0,0,0,1,0,0,0,0,1,0,0,Grip,0.3293017,0.232958
244,4.8799963,3.8799963,1.92933549E-05,0.6732161,85.6908951,0.000311009819,0.0599119067,12.1708813,-0.000187434489,-0.129329041,-9.694386,44.5137367,44.4955978,0.00012338825,-0.000348102883,-3.7417296E-05,0.000581086264,1,0,4,2437.652,-10.2510138,-95.6394958,1,0,0,0,0,0,1,0,0,0,0,1,0,0,Grip,0.201655135,0.7083744
245,4.89999628,3.89999628,2.53634189E-05,0.674360156,85.93057,0.000300258573,0.0572513863,11.9844408,-0.0005375623,-0.133026019,-9.322023,43.8157043,43.7980461,0.00018039011,-0.000270020741,-0.000443768047,0.000862744,1,0,4,2147.60229,-8.31734848,-77.59886,1,0,0,0,0,0,1,0,0,0,0,1,0,0,Grip,0.263165772,0.430918455
246,4.91999626,3.91999626,3.118026E-05,0.6754523,86.16635,0.000279267115,0.05458738,11.7891083,-0.001049573,-0.133200362,-9.766626,43.1444778,43.1273041,0.000206821336,-0.000193166852,-0.0009890009,0.0010055413,1,0,4,2529.42041,-10.8628035,-101.347351,1,0,0,0,0,0,1,0,0,0,0,1,0,0,Grip,0.204135671,0.315201819
247,4.93999624,3.93999624,3.683549E-05,0.6764915,86.3984,0.000252741767,0.05194037,11.602149,-0.00132626737,-0.132350445,-9.347963,42.441246,42.42451,0.000356070872,-0.000752315,-0.00140900339,0.00175906555,1,0,4,2147.60229,-8.31734848,-77.59886,1,0,0,0,0,0,1,0,0,0,0,1,0,0,Grip,0.146034136,0.638856947
248,4.959996,3.95999622,4.225219E-05,0.677479,86.62674,0.000231171813,0.0493614152,11.4169474,-0.00107849773,-0.128947765,-9.260082,41.7681541,41.7518539,0.000504000636,-0.00075009343,-0.00129930861,0.002530251,1,0,4,2529.42041,-10.8628035,-101.347351,1,0,0,0,0,0,1,0,0,0,0,1,0,0,Grip,0.5687501,0.564805269
249,4.979996,3.9799962,4.654394E-05,0.678418636,86.85124,0.000188875012,0.0469219834,11.2246132,-0.00211484,-0.121971592,-9.616709,41.1013947,41.0855255,0.0003193376,0.0006092683,-0.002226258,0.00163064711,1,0,4,2147.60229,-8.31734848,-77.59886,1,0,0,0,0,0,1,0,0,0,0,1,0,0,Grip,0.5670706,0.166854173
250,4.999996,3.99999619,4.94013548E-05,0.6793123,87.07204,0.00011209902,0.0446293876,11.039526,-0.00383879966,-0.11462979,-9.25436,40.40896,40.3934822,0.000117671567,0.0005513228,-0.00384325814,0.000610943767,1,0,4,2403.14575,-10.0209713,-93.4932556,1,0,0,0,0,0,1,0,0,0,0,1,0,0,Grip,-0.460606843,0.7554173
251,5.019996,4.019996,5.17101835E-05,0.680163264,87.28918,7.094376E-05,0.0425111242,10.8566151,-0.002057763,-0.10591317,-9.145546,39.74262,39.72752,0.000155892776,-0.0003682698,-0.00212918082,0.000823020237,1,0,4,2021.32764,-7.47551775,-69.74479,1,0,0,0,0,0,1,0,0,0,0,1,0,0,Grip,-0.416800052,0.5324241
252,5.039996,4.039996,5.354281E-05,0.6809764,87.50259,6.90346E-05,0.0406125076,10.6701117,-9.545802E-05,-0.09493083,-9.32517052,39.08411,39.0693855,1.00702819E-05,0.0006632737,-4.388991E-05,5.40942E-05,1,0,4,1639.50952,-4.93006372,-45.99631,1,0,0,0,0,0,1,0,0,0,0,1,0,0,Grip,0.278411955,0.130224586
253,5.059996,4.059996,5.451715E-05,0.681755841,87.71231,3.8754355E-05,0.038938392,10.4859467,-0.00151401223,-0.08370578,-9.20825,38.4126778,38.3983,-0.000233757557,0.00101859157,-0.00127477676,-0.00127771869,1,0,4,2021.32764,-7.47551775,-69.74479,1,0,0,0,0,0,1,0,0,0,0,1,0,0,Grip,-0.501434863,0.822485566
254,5.079996,4.079996,5.53968566E-05,0.6825062,87.91837,2.98528266E-05,0.03748432,10.3031282,-0.000445076439,-0.07270351,-9.140921,37.74967,37.7356071,-0.0002656803,0.000133168724,-0.000182987729,-0.001477974,1,0,4,1639.50952,-4.93006372,-45.99631,1,0,0,0,0,0,1,0,0,0,0,1,0,0,Grip,-0.770055234,0.4237672
255,5.099996,4.099996,5.6648194E-05,0.6832315,88.12083,7.038E-05,0.03624963,10.122262,0.002026359,-0.06173458,-9.043312,37.0915031,37.07776,-0.0003580908,0.0006804479,0.002409014,-0.00202764315,1,0,4,2021.32764,-7.47551775,-69.74479,1,0,0,0,0,0,1,0,0,0,0,1,0,0,Grip,-0.100675553,0.235614136
256,5.119996,4.119996,5.77573046E-05,0.683936357,88.31962,9.581136E-05,0.0352340154,9.939551,0.00127156789,-0.0507807359,-9.135532,36.4403763,36.426918,-0.0006891555,0.00182881893,0.00199282425,-0.003973983,1,0,4,1722.38562,-5.482571,-51.1510735,1,0,0,0,0,0,1,0,0,0,0,1,0,0,Grip,-0.5144186,0.7996991
257,5.139996,4.139996,5.95153542E-05,0.6846254,88.5147247,0.00011523068,0.0344188623,9.7551,0.000970966,-0.0407576561,-9.222555,35.782608,35.76942,-0.000687112333,0.000165313424,0.00172933214,-0.004037119,1,0,4,1340.56738,-2.93711567,-27.4025841,1,0,0,0,0,0,1,0,0,0,0,1,0,0,Grip,-1.38258708,0.403495371
258,5.159996,4.159996,6.286168E-05,0.685300231,88.70634,0.000221905429,0.03376553,9.581104,0.00533373747,-0.0326666981,-8.699799,35.11858,35.10564,-0.000715288334,0.0007799408,0.00618459843,-0.004278986,1,0,4,1722.3855,-5.48256969,-51.15106,1,0,0,0,0,0,1,0,0,0,0,1,0,0,Grip,-0.124976948,0.250670165
259,5.179996,4.179996,6.699386E-05,0.6859657,88.8943,0.000295831,0.0332818367,9.398446,0.003696279,-0.0241845846,-9.13291,34.4921875,34.479496,-0.00100524724,0.00203067716,0.00496047176,-0.006130447,1,0,4,1542.8324,-4.285549,-39.9831429,1,0,0,0,0,0,1,0,0,0,0,1,0,0,Grip,-0.589635253,0.8164321
260,5.199996,4.199996,7.25495847E-05,0.6866251,89.07858,0.000349838054,0.0329462178,9.213825,0.00270035234,-0.0167809427,-9.231043,33.8346176,33.82215,-0.0009714812,0.000253370119,0.00402413169,-0.006043244,1,0,4,1161.01416,-1.74009442,-16.234663,1,0,0,0,0,0,1,0,0,0,0,1,0,0,Grip,-1.53519189,0.361362725
261,5.219996,4.219996,8.056426E-05,0.6872804,89.25915,0.000494535256,0.03270052,9.027905,0.00723486,-0.01228489,-9.295988,33.1699829,33.15772,-0.000927294663,0.000709270244,0.008699029,-0.00588717824,1,0,4,1542.83228,-4.28554869,-39.98314,1,0,0,0,0,0,1,0,0,0,0,1,0,0,Grip,-0.191547811,0.258248
262,5.239996,4.239996,9.019915E-05,0.687931657,89.43605,0.000600648869,0.03249418,8.844709,0.005305681,-0.0103170052,-9.159803,32.50067,32.48859,-0.00109549146,0.00171710982,0.007062457,-0.00709909061,1,0,4,1455.52625,-3.70350838,-34.552845,1,0,0,0,0,0,1,0,0,0,0,1,0,0,Grip,-0.5362083,0.8245807
263,5.259996,4.259996,0.000101946862,0.6885797,89.60926,0.0006758147,0.0323044881,8.659578,0.00375829125,-0.009484589,-9.256554,31.84117,31.8292561,-0.0009247672,-0.00033835732,0.00546963932,-0.006120882,1,0,4,1073.708,-1.1580534,-10.80436,1,0,0,0,0,0,1,0,0,0,0,1,0,0,Grip,-1.29813492,0.3503093
264,5.279996,4.279996,0.000116516647,0.689226747,89.7784348,0.000837668,0.0321186855,8.456909,0.008092667,-0.009290129,-10.1334572,31.1746979,31.1629486,-0.000828081567,0.000613436452,0.010089308,-0.00561231049,1,0,4,1455.52612,-3.70350742,-34.5528336,1,0,0,0,0,0,1,0,0,0,0,1,0,0,Grip,0.255798131,0.275532961
265,5.299996,4.299996,0.000132724526,0.68986845,89.94392,0.0009205826,0.0318656154,8.27226,0.00414573029,-0.0126535073,-9.232473,30.4450912,30.4334679,-0.0008642192,0.0009449874,0.00613846676,-0.00598799856,1,0,4,1394.36255,-3.29575038,-30.74856,1,0,0,0,0,0,1,0,0,0,0,1,0,0,Grip,-0.463757932,0.835884869
266,5.319996,4.319996,0.000151080108,0.69050324,90.1057,0.0009888344,0.0315383077,8.087408,0.00341259013,-0.0163653865,-9.242582,29.7803535,29.7688522,-0.0006023714,-0.000940917758,0.005232084,-0.00426912075,1,0,4,1012.54437,-0.7502958,-7.00007963,1,0,0,0,0,0,1,0,0,0,0,1,0,0,Grip,-0.7144105,0.3149929
267,5.339996,4.339996,0.000171742635,0.691131353,90.26372,0.001129991,0.0311951973,7.899162,0.00705783,-0.01715552,-9.41231251,29.1148911,29.1035271,-0.0005736309,0.000950542453,0.009088959,-0.00416233065,1,0,4,1394.36255,-3.29575038,-30.74856,1,0,0,0,0,0,1,0,0,0,0,1,0,0,Grip,0.7113338,0.4948473
268,5.359996,4.359996,0.000192996871,0.691748857,90.4185,0.00114057562,0.0308665354,7.739223,0.0005292299,-0.0164330937,-7.99694061,28.4372025,28.42599,-0.0006458014,0.000761149451,0.00237617828,-0.00478285272,1,0,4,1272.14856,-2.48099041,-23.1470451,1,0,0,0,0,0,1,0,0,0,0,1,0,0,Grip,-0.718610048,0.371054947
269,5.379996,4.379996,0.000215851673,0.6923622,90.56964,0.00118062226,0.0306476355,7.55689573,0.002002332,-0.010944996,-9.116364,27.8614235,27.8504,-0.000419617281,-0.000946304353,0.00393422833,-0.003182702,1,0,4,900,0,0,1,0,0,0,0,0,1,0,0,0,0,1,0,0,Grip,-0.575428963,0.6424152
270,5.399996,4.399996,0.000240440786,0.6929748,90.7170944,0.00129128655,0.03059078,7.372361,0.00553321466,-0.002842769,-9.22672749,27.20505,27.1942272,-0.000411076122,0.0009593471,0.00766529748,-0.00319597055,1,0,4,1281.81812,-2.54545426,-23.7484779,1,0,0,0,0,0,1,0,0,0,0,1,0,0,Grip,0.71540606,0.391972959
271,5.419996,4.419996,0.00026497306,0.693588555,90.86089,0.00126576622,0.0306419153,7.189639,-0.0012760167,0.00255675986,-9.136105,26.5407276,26.5300884,-0.0004834344,0.0006203179,0.000948330853,-0.003854064,1,0,4,1143.241,-1.62160635,-15.1291981,1,0,0,0,0,0,1,0,0,0,0,1,0,0,Grip,-0.7252664,0.8715469
272,5.439996,4.439996,0.000290585624,0.694205165,91.001,0.00128544588,0.0307586044,7.004618,0.000983983,0.00583445653,-9.251046,25.8829346,25.87246,-0.000302528846,-0.0008257121,0.00308297668,-0.00247555412,1,0,4,900,0,0,1,0,0,0,0,0,1,0,0,0,0,1,0,0,Grip,-0.468960315,0.269109428
273,5.45999575,4.45999575,0.0003175211,0.694825232,91.1374,0.00137370557,0.0309090912,6.81930828,0.004412985,0.00752434134,-9.265494,25.21687,25.206543,-0.000282969326,0.0008112362,0.0066657206,-0.00237843348,1,0,4,1281.81812,-2.54545426,-23.7484779,1,0,0,0,0,0,1,0,0,0,0,1,0,0,Grip,0.6242383,0.7609534
274,5.47999573,4.47999573,0.000344082568,0.6954483,91.27016,0.00133214414,0.031065356,6.63716269,-0.0020780717,0.007813238,-9.10728,24.54976,24.5395775,-0.0003247644,0.0003345022,0.0001972692,-0.00280465768,1,0,4,997.1921,-0.6479472,-6.045192,1,0,0,0,0,0,1,0,0,0,0,1,0,0,Grip,-0.613294542,0.4878518
275,5.49999571,4.49999571,0.000371439528,0.6960749,91.3992,0.00134233281,0.0312168244,6.45142365,0.000509433448,0.007573422,-9.286952,23.8940468,23.8840046,-0.000140662538,-0.0009865182,0.002646163,-0.00124973792,1,0,4,900,0,0,1,0,0,0,0,0,1,0,0,0,0,1,0,0,Grip,-0.252883643,0.6509087
276,5.51999569,4.51999569,0.000399879471,0.6967046,91.52454,0.00141661009,0.03135897,6.265934,0.00371386413,0.007107202,-9.274483,23.2253971,23.2154922,-7.47932354E-05,0.000405662024,0.005923287,-0.0006841871,1,0,4,1281.81812,-2.54545426,-23.7484779,1,0,0,0,0,0,1,0,0,0,0,1,0,0,Grip,0.745807767,0.324465543
277,5.53999567,4.53999567,0.00042758006,0.6973366,91.64622,0.00135748682,0.03148166,6.082979,-0.00295616337,0.006134622,-9.147739,22.5576458,22.5478745,-8.5918E-05,-3.84688319E-05,-0.000783635653,-0.000809596269,1,0,4,923.332458,-0.15554972,-1.45124149,1,0,0,0,0,0,1,0,0,0,0,1,0,0,Grip,-0.306680471,0.8834406
278,5.55999565,4.55999565,0.000455190951,0.697971,91.76419,0.00134437671,0.0315871052,5.897708,-0.0006555056,0.005272217,-9.263563,21.8990173,21.8893852,-3.76645476E-05,-0.000149724452,0.00151717756,-0.000366060354,1,0,4,900,0,0,1,0,0,0,0,0,1,0,0,0,0,1,0,0,Grip,0.0290824361,0.1664413
279,5.57999563,4.57999563,0.0004826338,0.698606133,91.87862,0.00133245823,0.03168184,5.720534,-0.0005959242,0.00473670661,-8.858705,21.2320538,21.22256,-3.72878276E-06,-4.08874257E-05,0.00147504115,-3.73625E-05,1,0,4,1281.81812,-2.54545426,-23.7484779,1,0,0,0,0,0,1,0,0,0,0,1,0,0,Grip,0.113191679,0.75827
280,5.59999561,4.59999561,0.0005097168,0.699242949,91.98942,0.00130213762,0.0317753069,5.539548,-0.00151603017,0.00467337668,-9.049296,20.5942364,20.5848961,5.57932071E-05,-0.000431890774,0.0005217457,0.0005773175,1,0,4,900,0,0,1,0,0,0,0,0,1,0,0,0,0,1,0,0,Grip,0.0309108924,0.389932126
281,5.61999559,4.61999559,0.0005362085,0.699880958,92.0967255,0.001295347,0.031888362,5.365166,-0.0003395311,0.0056527555,-8.719087,19.9427,19.9335155,-2.36399937E-05,0.00103615806,0.00180554145,-0.000252565427,1,0,4,900,0,0,1,0,0,0,0,0,1,0,0,0,0,1,0,0,Grip,0.326509416,0.6264817
282,5.63999557,4.63999557,0.0005610399,0.7005206,92.20057,0.00117281929,0.0320245773,5.19272137,-0.00612638565,0.006810762,-8.622241,19.31494,19.3059177,-2.73544574E-05,-0.0007387162,-0.00413209,-0.000301956665,1,0,4,1232.09412,-2.213961,-20.6557236,1,0,0,0,0,0,1,0,0,0,0,1,0,0,Grip,-0.783335447,0.274401754
283,5.65999556,4.65999556,0.0005868232,0.7011635,92.30088,0.00122873217,0.03219824,5.016309,0.002795644,0.008683093,-8.820629,18.69415,18.6853046,0.000152273453,-0.0008284908,0.00468995748,0.00174001721,1,0,4,900,0,0,1,0,0,0,0,0,1,0,0,0,0,1,0,0,Grip,0.5584694,0.857889354
284,5.67999554,4.67999554,0.0006127835,0.7018103,92.3977051,0.00123385841,0.0324095,4.84179974,0.0002563116,0.0105630606,-8.725452,18.0590839,18.0504112,0.00029449095,-0.00103028363,0.00195060635,0.00348642981,1,0,4,900,0,0,1,0,0,0,0,0,1,0,0,0,0,1,0,0,Grip,0.626339,0.132523537
285,5.69999552,4.69999552,0.0006376134,0.702462435,92.49091,0.00121226383,0.0326392427,4.6607213,-0.00107972883,0.0114871189,-9.053922,17.43087,17.4223671,0.000188587117,0.00127371808,0.0009101357,0.00231940951,1,0,4,1146.14746,-1.6409831,-15.3099785,1,0,0,0,0,0,1,0,0,0,0,1,0,0,Grip,0.7788944,0.767107844
286,5.7199955,4.7199955,0.0006585005,0.703118145,92.58074,0.0009866769,0.03287128,4.492032,-0.0112793474,0.0116018578,-8.434463,16.7790089,16.770668,-6.634637E-05,0.0007308892,-0.009301224,-0.0008466333,1,0,4,900,0,0,1,0,0,0,0,0,1,0,0,0,0,1,0,0,Grip,-0.962930858,0.357055217
287,5.73999548,4.73999548,0.0006781872,0.703778744,92.66699,0.0009165807,0.03307813,4.31295872,-0.00350480853,0.0103425235,-8.953667,16.1717472,16.16357,-6.942934E-05,-0.000295129925,-0.00145706616,-0.000922766339,1,0,4,900,0,0,1,0,0,0,0,0,1,0,0,0,0,1,0,0,Grip,-0.5525522,0.6915395
288,5.75999546,4.75999546,0.0006980793,0.704441667,92.7499542,0.000963619736,0.0332708,4.14877748,0.00235195039,0.009633414,-8.209062,15.5271072,15.5190926,-4.535186E-05,0.000723215169,0.00434889551,-0.000626615947,1,0,4,900,0,0,1,0,0,0,0,0,1,0,0,0,0,1,0,0,Grip,0.223118216,0.202532455
289,5.77999544,4.77999544,0.000716481765,0.7051081,92.82943,0.000874527439,0.03342523,3.97437453,-0.004454615,0.00772159547,-8.720148,14.936079,14.9282312,-7.21059041E-05,-0.00025382248,-0.002377182,-0.00103999558,1,0,4,900,0,0,1,0,0,0,0,0,1,0,0,0,0,1,0,0,Grip,-0.546750665,0.758051634
290,5.79999542,4.79999542,0.0007355374,0.7057756,92.90569,0.000914105331,0.0335632078,3.81454039,0.0019788947,0.006898865,-7.99170732,14.3082542,14.3005762,6.52171439E-05,-0.0007824817,0.00375775713,0.0009800572,1,0,4,900,0,0,1,0,0,0,0,0,1,0,0,0,0,1,0,0,Grip,0.1918898,0.322751
291,5.8199954,4.8199954,0.000755017565,0.706446767,92.97839,0.000950371148,0.0336628556,3.636201,0.00181329087,0.00498238951,-8.916974,13.7328768,13.7253714,0.000175243884,-0.000468683138,0.00371455168,0.00276267854,1,0,4,900,0,0,1,0,0,0,0,0,1,0,0,0,0,1,0,0,Grip,0.591556132,0.793997943
292,5.83999538,4.83999538,0.0007735811,0.707118,93.04793,0.0009032532,0.0337499939,3.47821665,-0.00235589687,0.00435691327,-7.899213,13.0908842,13.0835524,0.000184082368,-0.000321230851,-0.0007222727,0.00303384755,1,0,4,900,0,0,1,0,0,0,0,0,1,0,0,0,0,1,0,0,Grip,0.35432443,0.298639059
293,5.85999537,4.85999537,0.0007906654,0.707791746,93.1139,0.0008302792,0.0337802432,3.29939485,-0.00364870066,0.00151246786,-8.941091,12.5221691,12.515007,0.000144266931,5.52574675E-05,-0.00178938836,0.00250654179,1,0,4,900,0,0,1,0,0,0,0,0,1,0,0,0,0,1,0,0,Grip,0.242850512,0.766324162
294,5.87999535,4.87999535,0.0008061712,0.7084633,93.17681,0.0007334396,0.03378979,3.14710379,-0.004841981,0.000477395952,-7.614553,11.8784447,11.87145,0.000117858406,-0.0006173281,-0.00335238874,0.002146817,1,0,4,900,0,0,1,0,0,0,0,0,1,0,0,0,0,1,0,0,Grip,-0.0417746454,0.275987864
295,5.89999533,4.89999533,0.000821446069,0.709135652,93.23621,0.000740034739,0.0337282,2.97138548,0.000329758041,-0.00307951123,-8.785915,11.3302269,11.3234005,0.0001608447,-3.62442079E-05,0.00204240368,0.00310311629,1,0,4,900,0,0,1,0,0,0,0,0,1,0,0,0,0,1,0,0,Grip,0.466700017,0.7581634
296,5.91999531,4.91999531,0.0008349368,0.709803462,93.29269,0.0006451277,0.0336506851,2.82570076,-0.00474535348,-0.003875792,-7.284236,10.6976767,10.6910219,9.4949035E-05,-1.39192061E-05,-0.00332716084,0.00192627264,1,0,4,900,0,0,1,0,0,0,0,0,1,0,0,0,0,1,0,0,Grip,0.02740062,0.274335
297,5.93999529,4.93999529,0.000847294636,0.7104703,93.3457,0.000578863546,0.0335022844,2.6524,-0.00331320637,-0.007420033,-8.665037,10.1732445,10.1667585,9.385892E-05,-0.0005939148,-0.001728962,0.00202859426,1,0,4,900,0,0,1,0,0,0,0,0,1,0,0,0,0,1,0,0,Grip,0.01052292,0.7579317
298,5.95999527,4.95999527,0.000859558641,0.7111311,93.39591,0.000608741946,0.0333519466,2.51272225,0.00149392,-0.00751689076,-6.983888,9.549402,9.543092,0.000115458912,0.0006691256,0.002864606,0.00263417675,1,0,4,900,0,0,1,0,0,0,0,0,1,0,0,0,0,1,0,0,Grip,0.448999584,0.274324059
299,5.97999525,4.97999525,0.0008689907,0.7117896,93.44271,0.0004154402,0.0331311263,2.34168649,-0.009665087,-0.0110410154,-8.551788,9.04659748,9.040457,1.52139983E-05,-0.00127018569,-0.008203949,0.000372462615,1,0,4,900,0,0,1,0,0,0,0,0,1,0,0,0,0,1,0,0,Grip,-0.5058589,0.7578813
300,5.999995,4.999995,0.0008807266,0.7124404,93.48681,0.0006146193,0.0329185277,2.20777965,0.00995895453,-0.01062993,-6.695342,8.430915,8.424949,0.000176639238,0.00136939262,0.0112866051,0.004586729,1,0,4,900,0,0,1,0,0,0,0,0,1,0,0,0,0,1,0,0,Grip,0.960260332,0.274342358
301,6.019995,5.019995,0.000887125963,0.713088,93.52755,0.000242569746,0.0326320641,2.03896761,-0.0186024774,-0.0143231824,-8.440602,7.94889069,7.94309,-8.105632E-05,-0.00198211242,-0.0172635112,-0.00227905973,1,0,4,900,0,0,1,0,0,0,0,0,1,0,0,0,0,1,0,0,Grip,-1.0352608,0.7578274
302,6.039995,5.039995,0.000898960745,0.71372664,93.5657,0.000657975266,0.0323591977,1.91065621,0.020770276,-0.0136433169,-6.41557,7.34122324,7.335589,0.000273242971,0.00212838384,0.0220613815,0.008198793,0,0,4,900,0,0,1,0,0,0,0,0,1,0,0,0,0,1,0,0,Grip,1.498477,0.274362177
303,6.059995,5.059995,0.000901893131,0.7143611,93.60053,3.926666E-05,0.03200548,1.74397373,-0.03093543,-0.0176858157,-8.334125,6.87934875,6.87387228,-0.0002154705,-0.00276339217,-0.0297190547,-0.007083387,0,0,4,900,0,0,1,0,0,0,0,0,1,0,0,0,0,1,0,0,Grip,0,0.7577724
304,6.079995,5.079995,0.000914743345,0.7149849,93.63288,0.0007562341,0.03166852,1.62107813,0.03584837,-0.0168479979,-6.14478,6.279362,6.27403641,0.000423356338,0.002961171,0.03710932,0.0149727268,0,0,4,900,0,0,1,0,0,0,0,0,1,0,0,0,0,1,0,0,Grip,0,0.274383575
305,6.099995,5.099995,0.000913444,0.7156037,93.66196,-0.000216195171,0.03124389,1.4564873,-0.0486214645,-0.021231547,-8.229542,5.836995,5.83181143,-0.000409095315,-0.00364447339,-0.0475327373,-0.0161038488,0,0,4,900,0,0,1,0,0,0,0,0,1,0,0,0,0,1,0,0,Grip,0,0.7577185
306,6.119995,5.119995,0.0009287737,0.716210365,93.68866,0.000943825,0.03083883,1.33888042,0.0580010079,-0.0202530064,-5.880344,5.24456072,5.239503,0.000661351,0.0039266143,0.05924078,0.0283211,0,0,4,900,0,0,1,0,0,0,0,0,1,0,0,0,0,1,0,0,Grip,0,0.274406224
307,6.139995,5.139995,0.000921674131,0.7168108,93.7121353,-0.000573636265,0.0303401388,1.176346,-0.07587306,-0.0249345787,-8.126724,4.821249,4.81631136,-0.000711722241,-0.00468218047,-0.07492067,-0.034690816,0,0,4,900,0,0,1,0,0,0,0,0,1,0,0,0,0,1,0,0,Grip,0,0.757666945
308,6.159995,5.159995,0.0009420658,0.717397451,93.73333,0.00129066524,0.029865101,1.06388569,0.09321508,-0.0237518921,-5.623013,4.236254,4.231401,0.001057087,0.00511401426,0.09444893,0.05697273,0,0,4,900,0,0,1,0,0,0,0,0,1,0,0,0,0,1,0,0,Grip,0,0.2744295
309,6.179995,5.179995,0.00092592946,0.717977,93.75134,-0.001136993,0.0292929318,0.903312862,-0.121382914,-0.02860846,-8.028642,3.83149981,3.82672977,-0.00122692087,-0.006011327,-0.120585911,-0.07788615,0,0,4,900,0,0,1,0,0,0,0,0,1,0,0,0,0,1,0,0,Grip,0,0.757618248
310,6.199995,5.199995,0.000956698263,0.7185409,93.76717,0.001967611,0.0287489146,0.7958287,0.155230209,-0.027200859,-5.37420845,3.253638,3.24887538,0.00178115466,0.006757512,0.156489253,0.128346786,0,0,4,900,0,0,1,0,0,0,0,0,1,0,0,0,0,1,0,0,Grip,0,0.2521509
311,6.219995,5.219995,0.00092382374,0.719096661,93.77987,-0.00218239473,0.0281060673,0.6372669,-0.207500309,-0.0321423635,-7.92809153,2.86686087,2.86211038,-0.00223145261,-0.007902652,-0.206894308,-0.200828388,0,0,4,900,0,0,1,0,0,0,0,0,1,0,0,0,0,1,0,0,Grip,0,0.609405756
312,6.239995,5.239995,0.0009778566,0.719635248,93.7904739,0.003441468,0.0274927728,0.5348353,0.281193167,-0.0306647271,-5.12157965,2.29640436,2.29148865,0.00330243818,0.009215282,0.282526582,0.354172647,0,0,4,900,0,0,1,0,0,0,0,0,1,0,0,0,0,1,0,0,Grip,0,0.1860236
313,6.259995,5.259995,0.0009055162,0.7201415,93.80075,-0.00445320224,0.0267762076,0.525266767,-0.394733548,-0.03582826,-0.478425622,1.927989,1.92290568,-0.00455578323,-0.00337834819,-0.394640923,-0.497453928,0,0,4,900,196.560013,-227.161743,-1,1,0,0,0,0,1,0,0,0,1,0,0,0,Grip,0,0.00427080924
314,6.279995,5.279995,0.00096258166,0.7206154,93.81069,0.00355102471,0.02581864,0.5136518,0.400211334,-0.0478783622,-0.5807489,1.89348352,1.88860679,0.00343495375,0.00166305748,0.400342673,0.383518934,0,0,4,900,196.560013,-227.161743,-1,1,0,0,0,0,1,0,0,0,1,0,0,0,Grip,0,0.006444643
315,6.299995,5.299995,0.0009242964,0.7210579,93.82033,-0.002335481,0.02471641,0.501900852,-0.2943253,-0.05511148,-0.5875468,1.851525,1.84700513,-0.00244114012,-0.0008504582,-0.294202149,-0.278912485,0,0,4,900,196.560013,-227.161743,-1,1,0,0,0,0,1,0,0,0,1,0,0,0,Grip,0,0.006221951
316,6.319995,5.319995,0.0009512105,0.7214705,93.82967,0.00168208731,0.02352612,0.489971429,0.200878412,-0.0595144928,-0.596471131,1.80905211,1.80492771,0.00157548417,0.000414100476,0.201008171,0.184369221,0,0,4,900,196.560013,-227.161743,-1,1,0,0,0,0,1,0,0,0,1,0,0,0,Grip,0,0.00604763255
317,6.339995,5.339995,0.0009347496,0.721855044,93.83876,-0.0009905273,0.0222816709,0.477836341,-0.133630723,-0.0622225,-0.6067544,1.76593971,1.76222181,-0.00109307049,-0.000178877774,-0.133500814,-0.131149143,0,0,4,900,196.560013,-227.161743,-1,1,0,0,0,0,1,0,0,0,1,0,0,0,Grip,0,0.00591213163
318,6.359995,5.359995,0.0009471353,0.7222127,93.8476,0.0007794905,0.0210020244,0.465475529,0.0885008946,-0.06398233,-0.618040562,1.72208369,1.71876359,0.0006792625,6.38414349E-05,0.08863393,0.0836543962,0,0,4,900,196.560013,-227.161743,-1,1,0,0,0,0,1,0,0,0,1,0,0,0,Grip,0,0.00580806332
319,6.379995,5.379995,0.0009399594,0.7225567,93.85494,-0.0004215958,0.019698903,0.386187375,-0.0600543171,-0.06515607,-3.964408,1.67741907,1.67448151,-0.000504787429,-8.335596E-06,-0.05920139,-0.0749281,0,0,4,900,196.560013,-1893.01453,-1,0,0,0,0,0,1,0,0,0,1,0,0,0,Grip,0,0.0384532437
320,6.399995,5.399995,0.0009465402,0.7228847,93.86081,0.000419103249,0.018366199,0.30777052,0.0420349538,-0.0666352,-3.920843,1.39208281,1.38923657,0.0003528881,2.46269815E-06,0.04287845,0.06572603,0,0,4,900,196.560013,-1893.01453,-1,0,0,0,0,0,1,0,0,0,1,0,0,0,Grip,0,0.03891872
321,6.419995,5.419995,0.0009412701,0.7231948,93.86517,-0.000305571273,0.0169766862,0.229181334,-0.0362337269,-0.06947564,-3.92945933,1.10994589,1.10709131,-0.000354909425,-4.55404324E-06,-0.035388615,-0.08877061,0,0,4,900,196.560013,-1893.01453,-1,0,0,0,0,0,1,0,0,0,1,0,0,0,Grip,0,0.039396897
322,6.439995,5.439995,0.0009468838,0.7234843,93.8680344,0.000357917917,0.0155228842,0.150492534,0.0331744626,-0.0726901,-3.93444014,0.827314,0.824296534,0.000325542118,1.37322895E-05,0.03402153,0.124006912,0,0,4,900,196.560013,-1893.01453,-1,0,0,0,0,0,1,0,0,0,1,0,0,0,Grip,0,0.03988311
